session,role,group,offset_ms,mean_displacement_m,mean_abs_label_diff_m,pct_of_mean_displacement,n_labels,note
S-M,train,M,0,16.6391806833169,0.0,0.0,61341,
S-M,train,M,100,16.6391806833169,1.45054112375673,8.717623489785767,61340,
S-M,train,M,-100,16.6391806833169,1.45054112375673,8.717623489785767,61340,
S-M,train,M,250,16.6391806833169,2.9011049667152706,17.435383519959206,61339,
S-M,train,M,-250,16.6391806833169,2.9011049667152706,17.435383519959206,61339,
S-M,train,M,500,16.6391806833169,7.25293282192546,43.58948291965803,61336,
S-M,train,M,-500,16.6391806833169,7.25293282192546,43.58948291965803,61336,
S-M,train,M,1000,16.6391806833169,14.506433735075307,87.18238001718456,61331,
S-M,train,M,-1000,16.6391806833169,14.506433735075307,87.18238001718456,61331,
S-S1,train,S,0,7.210817778553561,0.0,0.0,51650,
S-S1,train,S,100,7.210817778553561,0.02752484912881525,0.38171605460173674,51649,
S-S1,train,S,-100,7.210817778553561,0.02752484912881525,0.38171605460173674,51649,
S-S1,train,S,250,7.210817778553561,0.05505076411978099,0.7634468906358051,51648,
S-S1,train,S,-250,7.210817778553561,0.05505076411978099,0.7634468906358051,51648,
S-S1,train,S,500,7.210817778553561,0.1376349048903661,1.9087280959965498,51645,
S-S1,train,S,-500,7.210817778553561,0.1376349048903661,1.9087280959965498,51645,
S-S1,train,S,1000,7.210817778553561,0.27529646255030105,3.817825814002522,51640,
S-S1,train,S,-1000,7.210817778553561,0.27529646255030105,3.817825814002522,51640,
S-S2,train,S,0,8.035515003820072,0.0,0.0,91877,
S-S2,train,S,100,8.035515003820072,0.0472379296920771,0.5878643704805512,91876,
S-S2,train,S,-100,8.035515003820072,0.0472379296920771,0.5878643704805512,91876,
S-S2,train,S,250,8.035515003820072,0.09446039424826673,1.1755362811638133,91875,
S-S2,train,S,-250,8.035515003820072,0.09446039424826673,1.1755362811638133,91875,
S-S2,train,S,500,8.035515003820072,0.23603499206073697,2.937397191698681,91872,
S-S2,train,S,-500,8.035515003820072,0.23603499206073697,2.937397191698681,91872,
S-S2,train,S,1000,8.035515003820072,0.47168330525888447,5.869982260435665,91867,
S-S2,train,S,-1000,8.035515003820072,0.47168330525888447,5.869982260435665,91867,
S-S3a,train,S,0,10.357636580838719,0.0,0.0,24530,
S-S3a,train,S,100,10.357636580838719,0.026045487165646777,0.25146168203883557,24529,
S-S3a,train,S,-100,10.357636580838719,0.026045487165646777,0.25146168203883557,24529,
S-S3a,train,S,250,10.357636580838719,0.05209309806556168,0.5029438681207657,24528,
S-S3a,train,S,-250,10.357636580838719,0.05209309806556168,0.5029438681207657,24528,
S-S3a,train,S,500,10.357636580838719,0.13024867577355148,1.2575134757528295,24525,
S-S3a,train,S,-500,10.357636580838719,0.13024867577355148,1.2575134757528295,24525,
S-S3a,train,S,1000,10.357636580838719,0.2605504709087385,2.515539803653163,24520,
S-S3a,train,S,-1000,10.357636580838719,0.2605504709087385,2.515539803653163,24520,
S-S3c,train,S,0,11.680895778728075,0.0,0.0,37090,
S-S3c,train,S,100,11.680895778728075,0.026335883098527565,0.22546115980666048,37089,
S-S3c,train,S,-100,11.680895778728075,0.026335883098527565,0.22546115980666048,37089,
S-S3c,train,S,250,11.680895778728075,0.052673186378388775,0.4509344777676316,37088,
S-S3c,train,S,-250,11.680895778728075,0.052673186378388775,0.4509344777676316,37088,
S-S3c,train,S,500,11.680895778728075,0.1316936184661911,1.1274273905090104,37085,
S-S3c,train,S,-500,11.680895778728075,0.1316936184661911,1.1274273905090104,37085,
S-S3c,train,S,1000,11.680895778728075,0.2634227530087704,2.255158833695666,37080,
S-S3c,train,S,-1000,11.680895778728075,0.2634227530087704,2.255158833695666,37080,
S-S4,train,S,0,16.428321293521083,0.0,0.0,55714,
S-S4,train,S,100,16.428321293521083,3.196179228304069,19.455300217220376,55713,
S-S4,train,S,-100,16.428321293521083,3.196179228304069,19.455300217220376,55713,
S-S4,train,S,250,16.428321293521083,6.392436486034711,38.911075403399416,55712,
S-S4,train,S,-250,16.428321293521083,6.392436486034711,38.911075403399416,55712,
S-S4,train,S,500,16.428321293521083,15.981676477805927,97.28125103146539,55709,
S-S4,train,S,-500,16.428321293521083,15.981676477805927,97.28125103146539,55709,
S-S4,train,S,1000,16.428321293521083,31.965304111519835,194.57437884494107,55704,
S-S4,train,S,-1000,16.428321293521083,31.965304111519835,194.57437884494107,55704,
S-Y1,train,Y,0,8.727264429358833,0.0,0.0,66721,
S-Y1,train,Y,100,8.727264429358833,0.12503725664775223,1.4327199279893752,66720,
S-Y1,train,Y,-100,8.727264429358833,0.12503725664775223,1.4327199279893752,66720,
S-Y1,train,Y,250,8.727264429358833,0.24889669643048715,2.851944024901889,66719,
S-Y1,train,Y,-250,8.727264429358833,0.24889669643048715,2.851944024901889,66719,
S-Y1,train,Y,500,8.727264429358833,0.6202801472037053,7.107383444428021,66716,
S-Y1,train,Y,-500,8.727264429358833,0.6202801472037053,7.107383444428021,66716,
S-Y1,train,Y,1000,8.727264429358833,1.2386029156106813,14.192338568818613,66711,
S-Y1,train,Y,-1000,8.727264429358833,1.2386029156106813,14.192338568818613,66711,
S-Vfa01,train,Vfa,0,16.29498310906356,0.0,0.0,11400,
S-Vfa01,train,Vfa,100,16.29498310906356,0.02535296634549709,0.1555875583043429,11399,
S-Vfa01,train,Vfa,-100,16.29498310906356,0.02535296634549709,0.1555875583043429,11399,
S-Vfa01,train,Vfa,250,16.29498310906356,0.050710381359685495,0.3112024174574289,11398,
S-Vfa01,train,Vfa,-250,16.29498310906356,0.050710381359685495,0.3112024174574289,11398,
S-Vfa01,train,Vfa,500,16.29498310906356,0.12680933013031737,0.7782108719080769,11395,
S-Vfa01,train,Vfa,-500,16.29498310906356,0.12680933013031737,0.7782108719080769,11395,
S-Vfa01,train,Vfa,1000,16.29498310906356,0.2537299941761642,1.557104984263746,11390,
S-Vfa01,train,Vfa,-1000,16.29498310906356,0.2537299941761642,1.557104984263746,11390,
S-Vfa02,train,Vfa,0,24.1407340471628,0.0,0.0,67466,
S-Vfa02,train,Vfa,100,24.1407340471628,0.01227344240777312,0.05084121462004834,67465,
S-Vfa02,train,Vfa,-100,24.1407340471628,0.01227344240777312,0.05084121462004834,67465,
S-Vfa02,train,Vfa,250,24.1407340471628,0.024547248662933348,0.10168393643282081,67464,
S-Vfa02,train,Vfa,-250,24.1407340471628,0.024547248662933348,0.10168393643282081,67464,
S-Vfa02,train,Vfa,500,24.1407340471628,0.061370850699761025,0.25422114580220806,67461,
S-Vfa02,train,Vfa,-500,24.1407340471628,0.061370850699761025,0.25422114580220806,67461,
S-Vfa02,train,Vfa,1000,24.1407340471628,0.12275079930564642,0.5084799785533988,67456,
S-Vfa02,train,Vfa,-1000,24.1407340471628,0.12275079930564642,0.5084799785533988,67456,
S-Vta10,train,Vta,0,24.9202025773697,0.0,0.0,1430,
S-Vta10,train,Vta,100,24.9202025773697,0.034279927134560566,0.1375587819887569,1429,
S-Vta10,train,Vta,-100,24.9202025773697,0.034279927134560566,0.1375587819887569,1429,
S-Vta10,train,Vta,250,24.9202025773697,0.0686078653691915,0.27531022332657534,1428,
S-Vta10,train,Vta,-250,24.9202025773697,0.0686078653691915,0.27531022332657534,1428,
S-Vta10,train,Vta,500,24.9202025773697,0.17188075744763692,0.6897245594773923,1425,
S-Vta10,train,Vta,-500,24.9202025773697,0.17188075744763692,0.6897245594773923,1425,
S-Vta10,train,Vta,1000,24.9202025773697,0.3449719427622855,1.3843063341529902,1420,
S-Vta10,train,Vta,-1000,24.9202025773697,0.3449719427622855,1.3843063341529902,1420,
S-Vta2,train,Vta,0,10.101104336489684,0.0,0.0,10951,
S-Vta2,train,Vta,100,10.101104336489684,0.06615828171404511,0.6549608786343486,10950,
S-Vta2,train,Vta,-100,10.101104336489684,0.06615828171404511,0.6549608786343486,10950,
S-Vta2,train,Vta,250,10.101104336489684,0.12869794680048674,1.2740977868684367,10949,
S-Vta2,train,Vta,-250,10.101104336489684,0.12869794680048674,1.2740977868684367,10949,
S-Vta2,train,Vta,500,10.101104336489684,0.30393369575862994,3.0089155168973574,10946,
S-Vta2,train,Vta,-500,10.101104336489684,0.30393369575862994,3.0089155168973574,10946,
S-Vta2,train,Vta,1000,10.101104336489684,0.5511751521848747,5.456583100461449,10941,
S-Vta2,train,Vta,-1000,10.101104336489684,0.5511751521848747,5.456583100461449,10941,
S-Vtb1,train,Vtb,0,12.435093170269386,0.0,0.0,32373,
S-Vtb1,train,Vtb,100,12.435093170269386,0.05956794241254551,0.47903092961912297,32372,
S-Vtb1,train,Vtb,-100,12.435093170269386,0.05956794241254551,0.47903092961912297,32372,
S-Vtb1,train,Vtb,250,12.435093170269386,0.1191395651518413,0.9580914555323782,32371,
S-Vtb1,train,Vtb,-250,12.435093170269386,0.1191395651518413,0.9580914555323782,32371,
S-Vtb1,train,Vtb,500,12.435093170269386,0.2978765187461806,2.395450638507179,32368,
S-Vtb1,train,Vtb,-500,12.435093170269386,0.2978765187461806,2.395450638507179,32368,
S-Vtb1,train,Vtb,1000,12.435093170269386,0.5786185842974622,4.653110164714008,32363,
S-Vtb1,train,Vtb,-1000,12.435093170269386,0.5786185842974622,4.653110164714008,32363,
S-Vtb2,train,Vtb,0,7.599116070249168,0.0,0.0,5619,
S-Vtb2,train,Vtb,100,7.599116070249168,0.020335474684553267,0.26760315932227213,5618,
S-Vtb2,train,Vtb,-100,7.599116070249168,0.020335474684553267,0.26760315932227213,5618,
S-Vtb2,train,Vtb,250,7.599116070249168,0.04067819005779234,0.5353016019461662,5617,
S-Vtb2,train,Vtb,-250,7.599116070249168,0.04067819005779234,0.5353016019461662,5617,
S-Vtb2,train,Vtb,500,7.599116070249168,0.1017498190034929,1.3389691388166496,5614,
S-Vtb2,train,Vtb,-500,7.599116070249168,0.1017498190034929,1.3389691388166496,5614,
S-Vtb2,train,Vtb,1000,7.599116070249168,0.20368104256922903,2.6803254574127138,5609,
S-Vtb2,train,Vtb,-1000,7.599116070249168,0.20368104256922903,2.6803254574127138,5609,
S-Vw2,train,Vw,0,18.663044041353736,0.0,0.0,52652,
S-Vw2,train,Vw,100,18.663044041353736,0.01963212728572761,0.105192525089833,52651,
S-Vw2,train,Vw,-100,18.663044041353736,0.01963212728572761,0.105192525089833,52651,
S-Vw2,train,Vw,250,18.663044041353736,0.03926500032912835,0.21038904608554007,52650,
S-Vw2,train,Vw,-250,18.663044041353736,0.03926500032912835,0.21038904608554007,52650,
S-Vw2,train,Vw,500,18.663044041353736,0.09816809444304586,0.5260025868530565,52647,
S-Vw2,train,Vw,-500,18.663044041353736,0.09816809444304586,0.5260025868530565,52647,
S-Vw2,train,Vw,1000,18.663044041353736,0.19635483713049515,1.0521050944069488,52642,
S-Vw2,train,Vw,-1000,18.663044041353736,0.19635483713049515,1.0521050944069488,52642,
S-Vw3,train,Vw,0,13.210806784692059,0.0,0.0,3651,
S-Vw3,train,Vw,100,13.210806784692059,0.03803630689485636,0.28791812275182693,3650,
S-Vw3,train,Vw,-100,13.210806784692059,0.03803630689485636,0.28791812275182693,3650,
S-Vw3,train,Vw,250,13.210806784692059,0.07609346131326303,0.5759940520925327,3649,
S-Vw3,train,Vw,-250,13.210806784692059,0.07609346131326303,0.5759940520925327,3649,
S-Vw3,train,Vw,500,13.210806784692059,0.19039018124781937,1.4411699781154381,3646,
S-Vw3,train,Vw,-500,13.210806784692059,0.19039018124781937,1.4411699781154381,3646,
S-Vw3,train,Vw,1000,13.210806784692059,0.38130326878846854,2.886298127002367,3641,
S-Vw3,train,Vw,-1000,13.210806784692059,0.38130326878846854,2.886298127002367,3641,
S-Vw11,train,Vw,0,11.643760206736284,0.0,0.0,4815,
S-Vw11,train,Vw,100,11.643760206736284,0.03603141501826672,0.3094482742561239,4814,
S-Vw11,train,Vw,-100,11.643760206736284,0.03603141501826672,0.3094482742561239,4814,
S-Vw11,train,Vw,250,11.643760206736284,0.07207780257541645,0.6190251370319114,4813,
S-Vw11,train,Vw,-250,11.643760206736284,0.07207780257541645,0.6190251370319114,4813,
S-Vw11,train,Vw,500,11.643760206736284,0.18030689386442605,1.5485280584884669,4810,
S-Vw11,train,Vw,-500,11.643760206736284,0.18030689386442605,1.5485280584884669,4810,
S-Vw11,train,Vw,1000,11.643760206736284,0.36098903620717876,3.1002788600742157,4805,
S-Vw11,train,Vw,-1000,11.643760206736284,0.36098903620717876,3.1002788600742157,4805,
