filename,session,group,family,tree,subtree,n_rows,duration_s,distance_km,dt_median_ms,dt_p05_ms,dt_p95_ms,effective_hz,hz_tick,dt_mode_ms,bimodal_dt,hz_from_date,duration_s_date,rows_per_s,dup_timestamp_frac,accel_mag_median,gyro_abs_p99,speed_ratio,n_columns,columns_hash,lat_min,lat_max,lon_min,lon_max,relpath,error
S-A1.csv,A1,A,S,Unsynchronised,Uncategorised,5942,2970.605,67.92151831994654,500.0,498.9999999997963,501.0000000002037,2.0,2.0,500.0,False,2.0,2970.605,1.9999293073296518,0.0,9.793908391353318,0.0964,,24,6ec6776e0230,51.94857,52.43163,-1.612928,-1.202399,Unsynchronised V and S Dataset/Uncategorised IOVNB (V and S) Dataset/S-Dataset/S-A1.csv,
S-A10.csv,A10,A,S,Unsynchronised,Uncategorised,8886,4442.5,51.884356720362625,500.0,498.9999999997963,501.0000000002037,2.0,2.0,500.0,False,2.0,4442.5,2.0,0.0,9.827542624134818,0.1101449999999999,3.5803247114901153,24,6ec6776e0230,52.42028,52.49792,-1.90678,-1.521726,Unsynchronised V and S Dataset/Uncategorised IOVNB (V and S) Dataset/S-Dataset/S-A10.csv,
S-A11.csv,A11,A,S,Unsynchronised,Uncategorised,5155,2577.0,49.79959141580177,500.0,498.9999999997963,501.0000000002037,2.0,2.0,500.0,False,2.0,2577.0,2.0,0.0,9.696207306983489,0.090546,1.0049731910104984,24,6ec6776e0230,52.1567,52.431664,-1.884556,-1.491086,Unsynchronised V and S Dataset/Uncategorised IOVNB (V and S) Dataset/S-Dataset/S-A11.csv,
S-A12.csv,A12,A,S,Unsynchronised,Uncategorised,4673,2335.999,50.43596872327509,500.0,498.9999999999668,501.0000000000332,2.0,2.0,500.0,False,2.0,2335.999,2.00000085616475,0.0,9.701324076124866,0.114,0.9998051753814801,24,6ec6776e0230,51.819008,52.15681,-2.224006,-1.884516,Unsynchronised V and S Dataset/Uncategorised IOVNB (V and S) Dataset/S-Dataset/S-A12.csv,
S-A13.csv,A13,A,S,Unsynchronised,Uncategorised,9184,4591.5,324.919793816359,500.0,499.00000000000233,500.99999999999943,2.0,2.0,500.0,False,2.0,4591.5,2.0,0.0,9.720032478525074,0.1555,1.0007940480099498,24,6ec6776e0230,50.87106,51.71715,-4.48497,-2.303545,Unsynchronised V and S Dataset/Uncategorised IOVNB (V and S) Dataset/S-Dataset/S-A13.csv,
S-A2.csv,A2,A,S,Unsynchronised,Uncategorised,11630,5814.5,166.6480629136053,500.0,498.9999999997963,501.0000000002037,2.0,2.0,500.0,False,2.0,5814.5,2.0,0.0,9.82243534898113,0.1257,3.716642843543674,24,6ec6776e0230,51.257977,52.218723,-1.502687,-0.069686,Unsynchronised V and S Dataset/Uncategorised IOVNB (V and S) Dataset/S-Dataset/S-A2.csv,
S-A3.csv,A3,A,S,Unsynchronised,Uncategorised,11132,5566.028,128.16483772539223,500.0,498.9999999997963,501.0000000002037,2.0,2.0,500.0,False,2.0,5566.028,1.9998102776342483,0.0,9.830073916667857,0.123,1.070324894139242,24,6ec6776e0230,51.161964,51.94965,-1.206313,-0.222593,Unsynchronised V and S Dataset/Uncategorised IOVNB (V and S) Dataset/S-Dataset/S-A3.csv,
S-A4.csv,A4,A,S,Unsynchronised,Uncategorised,32829,,54.72047762128546,,,,,,,False,,,,,,9.8067,,25,0fa5bd883792,51.819263,52.185726,-2.223642,-1.877144,Unsynchronised V and S Dataset/Uncategorised IOVNB (V and S) Dataset/S-Dataset/S-A4.csv,
S-A5.csv,A5,A,S,Unsynchronised,Uncategorised,85041,8504.349,128.61556246128214,99.99999999999432,98.9999999999327,101.00000000056752,10.000000000000568,10.000000000000568,100.0,False,10.000000000000568,8504.349,9.99958962173354,0.0,9.824126029321896,0.0682,0.997363450892333,24,6ec6776e0230,50.97236,51.819527,-3.218043,-2.223346,Unsynchronised V and S Dataset/Uncategorised IOVNB (V and S) Dataset/S-Dataset/S-A5.csv,
S-A6.csv,A6,A,S,Unsynchronised,Uncategorised,86034,8537.402,180.19169201406802,100.00000000000142,98.99999999970532,101.00000000056752,9.999999999999858,9.999999999997726,100.0,False,9.999999999999147,8537.402,10.077187416031247,9.298649371178836e-05,9.809716597078634,0.08,0.9972831024433378,24,6ec6776e0230,50.41365,50.98627,-5.033129,-3.19069,Unsynchronised V and S Dataset/Uncategorised IOVNB (V and S) Dataset/S-Dataset/S-A6.csv,
S-A7.csv,A7,A,S,Unsynchronised,Uncategorised,43872,4387.1,104.01597372545973,99.99999999990905,98.99999999970532,101.00000000011278,10.000000000009095,10.000000000009095,100.0,False,10.000000000009095,4387.1,10.0,0.0,9.779491568072006,0.0655,0.9989050686619122,24,6ec6776e0230,50.973503,51.65585,-3.217763,-2.432863,Unsynchronised V and S Dataset/Uncategorised IOVNB (V and S) Dataset/S-Dataset/S-A7.csv,
S-A8.csv,A8,A,S,Unsynchronised,Uncategorised,66617,6661.599999999999,135.8461672868971,99.99999999990905,98.99999999970532,101.00000000056752,10.000000000009095,10.000000000009095,100.0,False,10.000000000009095,6661.6,10.0,0.0,9.743996503488699,0.0821,0.9989978737864522,24,6ec6776e0230,51.655445,52.491463,-2.43316,-1.406683,Unsynchronised V and S Dataset/Uncategorised IOVNB (V and S) Dataset/S-Dataset/S-A8.csv,
S-A9.csv,A9,A,S,Unsynchronised,Uncategorised,11962,5980.499,66.09457596600498,500.0,498.9999999997963,501.0000000002037,2.0,2.0,500.0,False,2.0,5980.499,2.000000334420255,0.0,9.760565912763424,0.0874,3.5901704924941695,24,6ec6776e0230,52.43012,52.51459,-2.197581,-1.428275,Unsynchronised V and S Dataset/Uncategorised IOVNB (V and S) Dataset/S-Dataset/S-A9.csv,
S-I.csv,I,I,S,Unsynchronised,Uncategorised,5800,579.9,0.059484013682948145,99.99999999999787,0.9999999999763531,100.99999999999909,10.000000000000213,9.999999999999858,100.0,False,10.000000000000213,579.9,10.0,0.4839655172413793,9.861802324365087,0.013,,24,6ec6776e0230,6.442914,6.44293,3.410001,3.410285,Unsynchronised V and S Dataset/Uncategorised IOVNB (V and S) Dataset/S-Dataset/S-I.csv,
S-M.csv,M,M,S,Synchronised,Categorised,105974,6175.965,101.86227464550275,99.99999999990905,98.9999999999327,101.00000000011278,10.000000000009095,10.000000000009095,100.0,False,9.999999999997726,10599.623,9.997808412619959,0.0,9.938718538875726,0.3034,1.0068091162995128,24,6ec6776e0230,52.357857,52.4792,-1.588746,-1.378485,Synchronised V abd S datasets/Categorised IOVNB Dataset/M (Driver B)/S-M.csv,
V-M.csv,M,M,V,Synchronised,Categorised,105974,10597.299999999996,105.21815841222899,99.99999999854481,99.99999999854481,100.00000000582077,10.00000000014552,10.00000000014552,100.0,False,,,10.000000000000004,1.8872553645233735e-05,0.05360570854701391,37.80002,3.625723479745916,29,f7a4d7742d3e,52.3578301,52.4793227,-1.5887188,-1.3784151999999998,Synchronised V abd S datasets/Categorised IOVNB Dataset/M (Driver B)/V-M.csv,
S-S1.csv,S1,S,S,Synchronised,Categorised,51746,5174.499000000001,37.16240452617585,99.99999999990905,98.99999999970532,101.00000000011278,10.000000000009095,10.000000000009095,100.0,False,10.000000000009095,5174.499,10.000001932554245,0.0,9.931351286958126,0.3638650000000009,1.0237375943829963,24,6ec6776e0230,52.398403,52.419914,-1.603373,-1.50529,Synchronised V abd S datasets/Categorised IOVNB Dataset/S (Driver A)/S1/S-S1.csv,
S-S2.csv,S2,S,S,Synchronised,Categorised,93876,9201.1,73.67158824989538,100.00000000002274,99.00000000016007,100.99999999999909,9.999999999997726,9.999999999997726,100.0,False,9.999999999997726,9388.608,9.99881984634996,0.006199667646682858,9.928108913836505,0.584725,1.021318031435844,24,6ec6776e0230,52.39031,52.558796,-1.597006,-1.363227,Synchronised V abd S datasets/Categorised IOVNB Dataset/S (Driver A)/S2/S-S2.csv,
S-S3a.csv,S3a,S,S,Synchronised,Categorised,24621,2462.0,25.342695214182733,99.99999999999432,98.9999999999327,101.00000000011278,10.000000000000568,10.000000000000568,100.0,False,10.000000000000568,2462.0,10.0,0.0,9.903912070490126,0.10715999999999949,1.000695350024462,24,6ec6776e0230,52.36264,52.40768,-1.500284,-1.22892,Synchronised V abd S datasets/Categorised IOVNB Dataset/S (Driver A)/S3a/S-S3a.csv,
S-S3b.csv,S3b,S,S,Synchronised,Categorised,6813,2707.512,3.628717059964004,99.99999999999432,98.99999999998954,101.00000000011278,10.000000000000568,10.000000000000568,100.0,False,9.999999999999147,685.528,9.936866181979438,0.0,9.904303407105418,0.3585120000000003,1.027327056291861,24,6ec6776e0230,52.369633,52.37938,-1.261814,-1.252101,Synchronised V abd S datasets/Categorised IOVNB Dataset/S (Driver A)/S3b/S-S3b.csv,
S-S3c.csv,S3c,S,S,Synchronised,Categorised,37183,3718.199,43.23313020160632,99.99999999990905,98.99999999970532,101.00000000011278,10.000000000009095,10.000000000009095,100.0,False,10.000000000009095,3718.199,10.000002689474124,0.0,9.899067267677294,0.09555400000000008,1.0077026039656722,24,6ec6776e0230,52.37938,52.437267,-1.519662,-1.236601,Synchronised V abd S datasets/Categorised IOVNB Dataset/S (Driver A)/S3c/S-S3c.csv,
S-S4.csv,S4,S,S,Synchronised,Categorised,94600,5578.0,91.34717535226082,99.99999999990905,98.99999999970532,101.00000000011278,10.000000000009095,10.000000000009095,100.0,False,9.999999999997726,9773.105,9.679523549578153,0.0380338266384778,9.916234883005941,0.3852,1.0106893444820666,24,6ec6776e0230,52.370026,52.43819,-1.590086,-1.430474,Synchronised V abd S datasets/Categorised IOVNB Dataset/S (Driver A)/S4/S-S4.csv,
V-S1.csv,S1,S,V,Synchronised,Categorised,51746,5174.5,38.04376612730906,99.99999999854481,99.99999999854481,100.00000000582077,10.00000000014552,10.00000000014552,100.0,False,,,10.0,0.0,0.06387827366808609,29.399990000000003,3.6297082817626167,29,f7a4d7742d3e,52.3984045,52.4199255,-1.6034266,-1.5053331,Synchronised V abd S datasets/Categorised IOVNB Dataset/S (Driver A)/S1/V-S1.csv,
V-S2.csv,S2,S,V,Synchronised,Categorised,93876,9387.5,75.47595756813013,99.99999999854481,99.99999999854481,100.00000000582077,10.00000000014552,10.00000000014552,100.0,False,,,10.0,0.0,0.06225337744108829,30.899990000000003,3.624736463451622,29,f7a4d7742d3e,52.3902747,52.5587793,-1.5970094,-1.3631521,Synchronised V abd S datasets/Categorised IOVNB Dataset/S (Driver A)/S2/V-S2.csv,
V-S3a.csv,S3a,S,V,Synchronised,Categorised,24621,2462.0,25.919615386924562,100.00000000582077,99.99999999126885,100.00000000582077,9.999999999417923,9.999999999417923,100.0,False,,,10.0,0.0,0.05360570854701391,31.100009999999997,3.6267132394037556,29,f7a4d7742d3e,52.3626579,52.4078496,-1.5002890999999998,-1.2288605,Synchronised V abd S datasets/Categorised IOVNB Dataset/S (Driver A)/S3a/V-S3a.csv,
V-S3b.csv,S3b,S,V,Synchronised,Categorised,6813,681.1999999999971,3.7650171587951835,100.00000000582077,99.99999999126885,100.00000000582077,9.999999999417923,9.999999999417923,100.0,False,,,10.000000000000043,0.0,0.07201666656273739,39.89999,3.633382659518193,29,f7a4d7742d3e,52.369639600000006,52.379301000000005,-1.2611948999999998,-1.2520968,Synchronised V abd S datasets/Categorised IOVNB Dataset/S (Driver A)/S3b/V-S3b.csv,
V-S3c.csv,S3c,S,V,Synchronised,Categorised,37183,3718.199999999997,44.13823361516436,100.00000000582077,99.99999999126885,100.00000000582077,9.999999999417923,9.999999999417923,100.0,False,,,10.000000000000007,0.0,0.05986800550916041,26.41799180000003,3.620444922812944,29,f7a4d7742d3e,52.3794122,52.437325099999995,-1.5197389,-1.2365298999999998,Synchronised V abd S datasets/Categorised IOVNB Dataset/S (Driver A)/S3c/V-S3c.csv,
V-S4.csv,S4,S,V,Synchronised,Categorised,94600,9459.900000000001,88.42444227951935,99.99999999854481,99.99999999126885,100.00000000582077,10.00000000014552,10.00000000014552,100.0,False,,,9.999999999999998,0.0,0.05081601194160813,30.0,3.6244585350545497,29,f7a4d7742d3e,52.3698962,52.438282599999994,-1.5901432,-1.4304653000000005,Synchronised V abd S datasets/Categorised IOVNB Dataset/S (Driver A)/S4/V-S4.csv,
V-St1.csv,St1,St,V,Unsynchronised,Categorised,57213,5721.199999999997,46.95737211718049,99.99999999854481,99.99999999854481,100.00000000582077,10.00000000014552,10.00000000014552,100.0,False,,,10.000000000000005,0.0,0.04997993,24.60001,3.6227713811343265,29,f7a4d7742d3e,52.3376429,52.411981399999995,-1.581401,-1.4964588000000003,Unsynchronised V and S Dataset/Categorised IOVNB (V) Dataset/V Dataset/St (Driver C)/St1/V-St1.csv,
V-St4.csv,St4,St,V,Unsynchronised,Categorised,13591,1359.0,28.431427076450905,99.99999999854481,99.99999999854481,100.00000000582077,10.00000000014552,10.00000000014552,100.0,False,,,10.0,0.00014715620631300125,0.01938009,8.300018,3.615319353508146,29,f7a4d7742d3e,52.2183015,52.4043335,-1.6137171,-1.4909137,Unsynchronised V and S Dataset/Categorised IOVNB (V) Dataset/V Dataset/St (Driver C)/St4/V-St4.csv,
V-St6.csv,St6,St,V,Unsynchronised,Categorised,51360,5135.9000000000015,113.4242095796797,99.99999999854481,99.99999999854481,100.00000000582077,10.00000000014552,10.00000000014552,100.0,False,,,9.999999999999996,0.0,0.02957988,12.10001,3.6112545419004154,29,f7a4d7742d3e,51.66030080000001,52.218326300000015,-1.5021495,-0.9125224,Unsynchronised V and S Dataset/Categorised IOVNB (V) Dataset/V Dataset/St (Driver C)/St6/V-St6.csv,
V-St7.csv,St7,St,V,Unsynchronised,Categorised,44427,4509.700000000004,89.92429304320031,99.99999999854481,99.99999999126885,100.00000000582077,10.00000000014552,10.00000000014552,100.0,False,,,9.851209614830244,0.015508587120444775,0.021444165940116697,7.700011999999999,3.6108229359625095,29,f7a4d7742d3e,51.762215,52.4006856,-1.6152968,-1.1996767999999995,Unsynchronised V and S Dataset/Categorised IOVNB (V) Dataset/V Dataset/St (Driver C)/St7/V-St7.csv,
S-T1.csv,T1,T,S,Unsynchronised,Uncategorised,25759,738.379,76.20365327501761,1.0000000000331966,0.9999999999763531,101.99999999997544,999.9999999668034,9.999999999999147,1.0,True,999.9999999668034,738.379,34.884524072326,0.673318063589425,9.739264114397965,0.0396,0.14161898325306782,18,0de5325f3c02,45.93137,46.430916,-0.548924,-0.29926,Unsynchronised V and S Dataset/Uncategorised IOVNB (V and S) Dataset/S-Dataset/S-T1.csv,
S-T10.csv,T10,T,S,Unsynchronised,Uncategorised,6699,669.8000000000001,6.555482791277329,100.00000000000853,98.99999999998954,100.99999999999909,9.999999999999147,9.999999999999147,100.0,False,9.999999999999147,669.8,10.0,0.0,9.87250207951358,0.13860599999999987,1.0254678391691683,24,6ec6776e0230,48.874504,48.901104,2.279519,2.340227,Unsynchronised V and S Dataset/Uncategorised IOVNB (V and S) Dataset/S-Dataset/S-T10.csv,
S-T11.csv,T11,T,S,Unsynchronised,Uncategorised,5690,568.9010000000001,2.284420127521138,100.00000000000142,98.99999999998954,100.99999999999909,9.999999999999858,9.999999999999858,100.0,False,9.999999999999858,568.901,9.999982422249214,0.0,9.866829428662891,0.14818699999999943,0.974874729571293,24,6ec6776e0230,48.859264,48.865894,2.299594,2.322507,Unsynchronised V and S Dataset/Uncategorised IOVNB (V and S) Dataset/S-Dataset/S-T11.csv,
S-T2.csv,T2,T,S,Unsynchronised,Uncategorised,75555,7554.945,201.23508590065586,99.9999999999659,98.9999999999327,101.00000000011278,10.00000000000341,10.00000000000341,100.0,False,10.00000000000341,7554.945,10.000602254549834,3.970617431010522e-05,9.769208918331104,0.0428,1.0016250450204047,18,0de5325f3c02,46.39089,47.37175,-2.208136,-0.506712,Unsynchronised V and S Dataset/Uncategorised IOVNB (V and S) Dataset/S-Dataset/S-T2.csv,
S-T3.csv,T3,T,S,Unsynchronised,Uncategorised,65859,6469.241,151.0025746027164,99.99999999990905,98.9999999999327,101.00000000011278,10.000000000009095,10.000000000009095,100.0,False,10.000000000009095,6469.241,10.180174150259667,0.0168693724471978,9.796720937640307,0.1157,1.0018482350232423,18,0de5325f3c02,45.624,46.429844,-0.551489,0.227603,Unsynchronised V and S Dataset/Uncategorised IOVNB (V and S) Dataset/S-Dataset/S-T3.csv,
S-T4.csv,T4,T,S,Unsynchronised,Uncategorised,73482,3580.2360000000003,151.6645068617277,98.9999999999327,0.9999999997489795,101.99999999986176,10.101010101016968,10.000000000009095,1.0,True,10.101010101016968,3580.236,20.524066011290877,0.4902833346942108,9.843655225067566,0.0658,0.45654365884433384,18,0de5325f3c02,45.623695,46.43135,-0.548824,0.227605,Unsynchronised V and S Dataset/Uncategorised IOVNB (V and S) Dataset/S-Dataset/S-T4.csv,
S-T5.csv,T5,T,S,Unsynchronised,Uncategorised,46387,2036.992,136.81846219899833,42.00000000003001,0.9999999999763531,149.99999999998295,23.809523809506796,9.999999999997726,1.0,True,23.809523809506796,2036.992,22.771812554983033,0.532412098217173,9.864166806172733,0.041,0.3512925595412116,18,0de5325f3c02,46.391026,47.180054,-1.514612,-0.504429,Unsynchronised V and S Dataset/Uncategorised IOVNB (V and S) Dataset/S-Dataset/S-T5.csv,
S-T6.csv,T6,T,S,Unsynchronised,Uncategorised,86440,2510.857,212.57165588794706,1.0000000002037268,0.9999999997489795,335.0000000000364,999.9999997962732,9.999999999999147,1.0,True,999.9999997962732,2510.857,34.426094357424574,0.6873091161499306,9.891430862620432,0.0405,0.23190596814929787,18,0de5325f3c02,47.178062,48.506832,-2.716249,-1.468989,Unsynchronised V and S Dataset/Uncategorised IOVNB (V and S) Dataset/S-Dataset/S-T6.csv,
S-T7.csv,T7,T,S,Unsynchronised,Uncategorised,101690,10170.086,246.85951724606022,100.00000000002274,99.00000000004638,101.00000000011278,9.999999999997726,9.999999999997726,100.0,False,9.999999999997726,10170.086,9.998833834836795,0.0,9.881291216736372,0.0557,1.0023240033658234,18,0de5325f3c02,47.111225,48.500225,-2.724947,-1.589348,Unsynchronised V and S Dataset/Uncategorised IOVNB (V and S) Dataset/S-Dataset/S-T7.csv,
S-T8.csv,T8,T,S,Unsynchronised,Uncategorised,48344,4833.806,124.86865167156999,99.99999999990905,98.9999999999327,101.00000000011278,10.000000000009095,10.000000000009095,100.0,False,10.000000000009095,4833.806,10.001021969023995,8.274036074797286e-05,9.84504919083157,0.07695699999999997,1.002653592933707,18,0de5325f3c02,46.57315,47.200417,-2.075957,-1.115348,Unsynchronised V and S Dataset/Uncategorised IOVNB (V and S) Dataset/S-Dataset/S-T8.csv,
S-T9.csv,T9,T,S,Unsynchronised,Uncategorised,79909,7990.717,205.23137946839236,99.9999999999659,98.9999999999327,101.00000000011278,10.00000000000341,10.00000000000341,100.0,False,10.00000000000341,7990.717,10.000103870528765,0.0,9.804258811863342,0.0625,1.001288330262156,18,0de5325f3c02,45.623993,46.573257,-1.116153,0.227525,Unsynchronised V and S Dataset/Uncategorised IOVNB (V and S) Dataset/S-Dataset/S-T9.csv,
S-Vfa01.csv,Vfa01,Vfa,S,Synchronised,Categorised,11486,1148.5,18.56277862320319,100.00000000002274,98.9999999999327,100.99999999999909,9.999999999997726,9.999999999997726,100.0,False,9.999999999997726,1148.5,10.0,0.0,10.079802405521452,0.2843,1.014212888255402,24,6ec6776e0230,52.5595,52.709675,-1.511948,-1.473887,Synchronised V abd S datasets/Categorised IOVNB Dataset/Vf (Driver E)/V-Vfa01/S-Vfa01.csv,
S-Vfa02.csv,Vfa02,Vfa,S,Synchronised,Categorised,67523,6752.201,162.6018540588486,99.99999999990905,98.9999999999327,101.00000000011278,10.000000000009095,10.000000000009095,100.0,False,10.000000000009095,6752.201,9.999998519001434,0.0,10.078540972779741,0.2331,1.0033826051691845,24,6ec6776e0230,52.709957,53.792767,-1.770408,-1.231123,Synchronised V abd S datasets/Categorised IOVNB Dataset/Vf (Driver E)/V-Vfa02/S-Vfa02.csv,
V-Vfa01.csv,Vfa01,Vfa,V,Synchronised,Categorised,11535,1153.4000000000015,18.775737711463673,99.99999999854481,99.99999999854481,100.00000000582077,10.00000000014552,10.00000000014552,100.0,False,,,9.999999999999988,0.0,0.05915999,18.965996599999986,3.621876581341245,29,f7a4d7742d3e,52.5589784,52.7098299,-1.5119583,-1.4738639,Synchronised V abd S datasets/Categorised IOVNB Dataset/Vf (Driver E)/V-Vfa01/V-Vfa01.csv,
V-Vfa02.csv,Vfa02,Vfa,V,Synchronised,Categorised,67755,6775.4000000000015,163.1069547155407,99.99999999854481,99.99999999854481,100.00000000582077,10.00000000014552,10.00000000014552,100.0,False,,,9.999999999999998,0.0,0.0397799,13.300020000000002,3.6174813692767076,29,f7a4d7742d3e,52.7098422,53.792843999999995,-1.770652,-1.2310592,Synchronised V abd S datasets/Categorised IOVNB Dataset/Vf (Driver E)/V-Vfa02/V-Vfa02.csv,
V-Vfb01a.csv,Vfb01a,Vfb,V,Unsynchronised,Categorised,17000,1699.9000000000015,6.795624327199385,99.99999999854481,99.99999999854481,100.00000000582077,10.00000000014552,10.00000000014552,100.0,False,,,9.999999999999991,0.0,0.05081601194160813,18.69998,3.6417395902783527,29,f7a4d7742d3e,53.7684721,53.7950732,-1.7670114,-1.7491678,Unsynchronised V and S Dataset/Categorised IOVNB (V) Dataset/V Dataset/Vf (Driver E)/V-Vfb01a/V-Vfb01a.csv,
V-Vfb01b.csv,Vfb01b,Vfb,V,Unsynchronised,Categorised,3880,387.90000000000146,4.067109189662737,99.99999999854481,99.99999999854481,100.00000000582077,10.00000000014552,10.00000000014552,100.0,False,,,9.999999999999963,0.0,0.04183243717534038,11.20001,3.6236896266178915,29,f7a4d7742d3e,53.738121099999994,53.7684562,-1.7491562,-1.7229518,Unsynchronised V and S Dataset/Categorised IOVNB (V) Dataset/V Dataset/Vf (Driver E)/V-Vfb01b/V-Vfb01b.csv,
V-Vfb01c.csv,Vfb01c,Vfb,V,Unsynchronised,Categorised,6320,631.9000000000015,10.631427035416275,99.99999999854481,99.99999999854481,100.00000000582077,10.00000000014552,10.00000000014552,100.0,False,,,9.999999999999977,0.0,0.03536341877735381,4.7000063,3.6237248449269224,29,f7a4d7742d3e,53.7296997,53.7477319,-1.7229367000000002,-1.5822718,Unsynchronised V and S Dataset/Categorised IOVNB (V) Dataset/V Dataset/Vf (Driver E)/V-Vfb01c/V-Vfb01c.csv,
V-Vfb01d.csv,Vfb01d,Vfb,V,Unsynchronised,Categorised,10713,1071.2000000000044,3.386072997799809,99.99999999854481,99.99999999854481,100.00000000582077,10.00000000014552,10.00000000014552,100.0,False,,,9.99999999999996,0.0,0.04424982968134115,8.48799927999992,3.6256315526744487,29,f7a4d7742d3e,53.7215661,53.7345118,-1.5822656,-1.5430456,Unsynchronised V and S Dataset/Categorised IOVNB (V) Dataset/V Dataset/Vf (Driver E)/V-Vfb01d/V-Vfb01d.csv,
V-Vfb02a.csv,Vfb02a,Vfb,V,Unsynchronised,Categorised,35960,3595.9000000000015,96.36470246524007,100.00000000582077,99.99999999126885,100.00000000582077,9.999999999417923,9.999999999417923,100.0,False,,,9.999999999999996,0.0,0.035363086500430074,6.600006,3.5990840678610505,29,f7a4d7742d3e,52.9909387,53.7218738,-1.5574097,-1.2306519,Unsynchronised V and S Dataset/Categorised IOVNB (V) Dataset/V Dataset/Vf (Driver E)/V-Vfb02a/V-Vfb02a.csv,
V-Vfb02b.csv,Vfb02b,Vfb,V,Unsynchronised,Categorised,11000,1099.9000000000087,7.67221209811358,100.00000000582077,99.99999999126885,100.00000000582077,9.999999999417923,9.999999999417923,100.0,False,,,9.99999999999992,0.0,0.07201660197775857,31.39999000000001,3.6099901921496227,29,f7a4d7742d3e,52.9870595,53.0016125,-1.2332696999999997,-1.1856696999999998,Unsynchronised V and S Dataset/Categorised IOVNB (V) Dataset/V Dataset/Vf (Driver E)/V-Vfb02b/V-Vfb02b.csv,
V-Vfb02c.csv,Vfb02c,Vfb,V,Unsynchronised,Categorised,640,63.90000000000873,0.5346384491131819,100.00000000582077,99.99999999126885,100.00000000582077,9.999999999417923,9.999999999417923,100.0,False,,,9.999999999998634,0.0,0.10933260022543814,42.19998,3.6136591270065974,29,f7a4d7742d3e,52.9972509,52.9992135,-1.2046019999999995,-1.2002942,Unsynchronised V and S Dataset/Categorised IOVNB (V) Dataset/V Dataset/Vf (Driver E)/V-Vfb02c/V-Vfb02c.csv,
V-Vfb02d.csv,Vfb02d,Vfb,V,Unsynchronised,Categorised,880,87.90000000000873,0.8360814700819255,100.00000000582077,99.99999999126885,100.00000000582077,9.999999999417923,9.999999999417923,100.0,False,,,9.999999999999007,0.0,0.05986800550916041,16.842015800000006,3.607604714472726,29,f7a4d7742d3e,52.9992211,53.0045998,-1.2117975,-1.2041752,Unsynchronised V and S Dataset/Categorised IOVNB (V) Dataset/V Dataset/Vf (Driver E)/V-Vfb02d/V-Vfb02d.csv,
V-Vfb02e.csv,Vfb02e,Vfb,V,Unsynchronised,Categorised,980,97.90000000000873,1.5168804973100731,100.00000000582077,99.99999999126885,100.00000000582077,9.999999999417923,9.999999999417923,100.0,False,,,9.999999999999108,0.0,0.044249724569110034,2.699982,3.5983656058348754,29,f7a4d7742d3e,52.9918423,53.0041569,-1.2211588000000004,-1.2118056,Unsynchronised V and S Dataset/Categorised IOVNB (V) Dataset/V Dataset/Vf (Driver E)/V-Vfb02e/V-Vfb02e.csv,
V-Vfb02f.csv,Vfb02f,Vfb,V,Unsynchronised,Categorised,660,65.90000000000873,0.47213835097858503,100.00000000582077,99.99999999126885,100.00000000582077,9.999999999417923,9.999999999417923,100.0,False,,,9.999999999998675,0.0,0.1091398999999999,14.182001799999993,3.603954579483556,29,f7a4d7742d3e,52.9898102,52.9918338,-1.2256654,-1.2211732,Unsynchronised V and S Dataset/Categorised IOVNB (V) Dataset/V Dataset/Vf (Driver E)/V-Vfb02f/V-Vfb02f.csv,
V-Vfb02g.csv,Vfb02g,Vfb,V,Unsynchronised,Categorised,27159,2715.800000000003,63.456049415460384,100.00000000582077,99.99999999126885,100.00000000582077,9.999999999417923,9.999999999417923,100.0,False,,,9.99999999999999,0.0,0.04082564396631559,10.5,3.599441852547051,29,f7a4d7742d3e,52.553116,52.9903945,-1.5472909,-1.2256857999999995,Unsynchronised V and S Dataset/Categorised IOVNB (V) Dataset/V Dataset/Vf (Driver E)/V-Vfb02g/V-Vfb02g.csv,
S-Vta10.csv,Vta10,Vta,S,Synchronised,Categorised,1502,150.10000000000014,3.579926058581482,100.00000000002274,98.9999999999327,100.99999999999909,9.999999999997726,9.999999999997726,100.0,False,10.000000000000036,150.1,10.0,0.0,10.244785472718238,0.31836200000000003,,24,6ec6776e0230,52.881744,52.89024,-1.765211,-1.71748,Synchronised V abd S datasets/Categorised IOVNB Dataset/Vta (Driver E)/Vta10/S-Vta10.csv,
S-Vta11.csv,Vta11,Vta,S,Synchronised,Categorised,510,50.90000000000009,0.5724897716605422,99.99999999990905,98.9999999999327,101.00000000011278,10.000000000009095,10.000000000009095,100.0,False,9.999999999999858,50.9,10.0,0.0,10.303781280788407,0.21248199999999998,,24,6ec6776e0230,52.892147,52.89447,-1.77571,-1.7711,Synchronised V abd S datasets/Categorised IOVNB Dataset/Vta (Driver E)/Vta11/S-Vta11.csv,
S-Vta12.csv,Vta12,Vta,S,Synchronised,Categorised,610,60.90000000000009,0.9725568875032052,99.99999999990905,98.9999999999327,101.00000000011278,10.000000000009095,10.000000000009095,100.0,False,9.999999999999858,60.9,10.0,0.0,10.091380318152485,0.18159599999999984,,24,6ec6776e0230,52.895805,52.90393,-1.77048,-1.766186,Synchronised V abd S datasets/Categorised IOVNB Dataset/Vta (Driver E)/Vta12/S-Vta12.csv,
S-Vta13.csv,Vta13,Vta,S,Synchronised,Categorised,404,40.30099999999993,1.0722471557300692,99.99999999990905,98.9999999999327,100.9999999998854,10.000000000009095,10.000000000009095,100.0,False,9.999999999999991,40.301,9.999751867199324,0.0,10.190587822163023,0.22078199999999998,,24,6ec6776e0230,52.90566,52.914574,-1.765884,-1.760504,Synchronised V abd S datasets/Categorised IOVNB Dataset/Vta (Driver E)/Vta13/S-Vta13.csv,
S-Vta14.csv,Vta14,Vta,S,Synchronised,Categorised,2885,288.39999999999986,5.407276259886378,99.99999999990905,98.9999999999327,101.00000000011278,10.000000000009095,10.000000000009095,100.0,False,10.000000000000568,288.4,10.0,0.0,10.17281098713625,0.24533199999999997,1.0178721610938055,24,6ec6776e0230,52.916435,52.963867,-1.763724,-1.757514,Synchronised V abd S datasets/Categorised IOVNB Dataset/Vta (Driver E)/Vta14/S-Vta14.csv,
S-Vta15.csv,Vta15,Vta,S,Synchronised,Categorised,833,83.20000000000005,1.6114323251693186,99.99999999990905,98.9999999999327,101.00000000011278,10.000000000009095,10.000000000009095,100.0,False,9.999999999999858,83.2,10.0,0.0,10.146600049770367,0.255339999999999,,24,6ec6776e0230,52.965443,52.97889,-1.756931,-1.749885,Synchronised V abd S datasets/Categorised IOVNB Dataset/Vta (Driver E)/Vta15/S-Vta15.csv,
S-Vta16.csv,Vta16,Vta,S,Synchronised,Categorised,11335,1133.4,13.473270380554247,99.99999999990905,98.9999999999327,101.00000000011278,10.000000000009095,10.000000000009095,100.0,False,9.999999999997726,1133.4,10.0,0.0,10.079464014023761,0.232866,1.0094072754069805,24,6ec6776e0230,52.98011,53.06292,-1.773255,-1.731663,Synchronised V abd S datasets/Categorised IOVNB Dataset/Vta (Driver E)/Vta16/S-Vta16.csv,
S-Vta17.csv,Vta17,Vta,S,Synchronised,Categorised,4519,452.9859999999999,3.995065900936278,99.99999999990905,98.99999999970532,101.00000000011278,10.000000000009095,10.000000000009095,100.0,False,10.000000000000213,452.986,9.973818175396149,0.0,10.156840309367869,0.2517739999999998,0.9792061213984546,24,6ec6776e0230,53.042137,53.05517,-1.804848,-1.77613,Synchronised V abd S datasets/Categorised IOVNB Dataset/Vta (Driver E)/Vta17/S-Vta17.csv,
S-Vta19.csv,Vta19,Vta,S,Synchronised,Categorised,292,29.101000000000113,0.23242168837623506,99.99999999990905,98.99999999970532,101.00000000011278,10.000000000009095,10.000000000009095,100.0,False,10.000000000000036,29.101,9.999656369196936,0.0,10.025477736714084,0.15582999999999983,,24,6ec6776e0230,53.04241,53.043278,-1.813062,-1.809921,Synchronised V abd S datasets/Categorised IOVNB Dataset/Vta (Driver E)/Vta19/S-Vta19.csv,
S-Vta1a.csv,Vta1a,Vta,S,Synchronised,Categorised,25676,2567.499,40.42404209289033,99.99999999999432,98.9999999999327,101.00000000011278,10.000000000000568,10.000000000000568,100.0,False,10.000000000000568,2567.499,10.000003894840855,0.0,10.20557024178217,0.299225,0.9990083100456179,24,6ec6776e0230,52.552773,52.760777,-1.692337,-1.45475,Synchronised V abd S datasets/Categorised IOVNB Dataset/Vta (Driver E)/Vta01a/S-Vta1a.csv,
S-Vta1b.csv,Vta1b,Vta,S,Synchronised,Categorised,954,95.30000000000018,1.2544885889398174,99.99999999990905,99.00000000016007,101.00000000011278,10.000000000009095,10.000000000009095,100.0,False,9.999999999999858,95.3,10.0,0.0,10.267408776208198,0.27678800000000003,1.0040786894040863,24,6ec6776e0230,52.749237,52.75984,-1.678711,-1.674216,Synchronised V abd S datasets/Categorised IOVNB Dataset/Vta (Driver E)/Vta01b/S-Vta1b.csv,
S-Vta2.csv,Vta2,Vta,S,Synchronised,Categorised,10991,1098.998,11.050220212750723,99.99999999990905,98.99999999970532,101.00000000011278,10.000000000009095,10.000000000009095,100.0,False,9.999999999997726,1098.998,10.000018198395265,0.0,10.071331259570405,0.2635,0.9967383069080563,24,6ec6776e0230,52.7604,52.819504,-1.680033,-1.619249,Synchronised V abd S datasets/Categorised IOVNB Dataset/Vta (Driver E)/Vta02/S-Vta2.csv,
S-Vta20.csv,Vta20,Vta,S,Synchronised,Categorised,3223,322.2,0.6491355816676749,99.99999999999432,98.99999999998954,100.99999999999909,10.000000000000568,10.000000000000568,100.0,False,10.000000000000568,322.2,10.0,0.0,9.875854477461685,0.18555599999999994,,24,6ec6776e0230,53.040512,53.04241,-1.817495,-1.813062,Synchronised V abd S datasets/Categorised IOVNB Dataset/Vta (Driver E)/Vta20/S-Vta20.csv,
S-Vta21.csv,Vta21,Vta,S,Synchronised,Categorised,2079,207.8,3.0822338826962397,100.00000000002274,98.99999999998954,100.99999999999909,9.999999999997726,9.999999999997726,100.0,False,10.000000000000568,207.8,10.0,0.0,10.284617650160845,0.2982379999999984,,24,6ec6776e0230,53.040535,53.05154,-1.817358,-1.795467,Synchronised V abd S datasets/Categorised IOVNB Dataset/Vta (Driver E)/Vta21/S-Vta21.csv,
S-Vta22.csv,Vta22,Vta,S,Synchronised,Categorised,1564,156.30099999999993,1.6093555895058385,100.00000000002274,99.00000000004638,100.99999999999909,9.999999999997726,9.999999999997726,100.0,False,10.000000000000036,156.301,9.999936020882785,0.0,10.331349040070945,0.32034699999999855,,24,6ec6776e0230,53.05137,53.055206,-1.799703,-1.783206,Synchronised V abd S datasets/Categorised IOVNB Dataset/Vta (Driver E)/Vta22/S-Vta22.csv,
S-Vta23.csv,Vta23,Vta,S,Synchronised,Categorised,1110,110.89999999999998,1.0501764909826372,100.00000000002274,98.9999999999327,100.99999999999909,9.999999999997726,9.999999999997726,100.0,False,9.999999999999947,110.9,10.0,0.0,10.297530060660803,0.281173,,24,6ec6776e0230,53.050575,53.053005,-1.781771,-1.768223,Synchronised V abd S datasets/Categorised IOVNB Dataset/Vta (Driver E)/Vta23/S-Vta23.csv,
S-Vta24.csv,Vta24,Vta,S,Synchronised,Categorised,1171,117.00099999999998,0.6773876439873098,100.00000000002274,98.9999999999327,100.99999999999909,9.999999999997726,9.999999999997726,100.0,False,9.999999999999947,117.001,9.999914530645038,0.0,9.9168863914033,0.18660999999999983,,24,6ec6776e0230,53.050465,53.051815,-1.767187,-1.758133,Synchronised V abd S datasets/Categorised IOVNB Dataset/Vta (Driver E)/Vta24/S-Vta24.csv,
S-Vta25.csv,Vta25,Vta,S,Synchronised,Categorised,646,64.49800000000005,0.13265175795008638,100.00000000002274,98.9999999999327,100.99999999999909,9.999999999997726,9.999999999997726,100.0,False,9.999999999999858,64.498,10.000310087134483,0.0,9.897814044742384,0.18393999999999988,,24,6ec6776e0230,53.05109,53.051266,-1.758229,-1.756547,Synchronised V abd S datasets/Categorised IOVNB Dataset/Vta (Driver E)/Vta25/S-Vta25.csv,
S-Vta26.csv,Vta26,Vta,S,Synchronised,Categorised,1935,193.39999999999998,0.9923257289430268,99.99999999990905,98.9999999999327,101.00000000011278,10.000000000009095,10.000000000009095,100.0,False,10.000000000000568,193.4,10.0,0.0,9.909820449432978,0.3919920000000001,,24,6ec6776e0230,53.05122,53.059937,-1.7591,-1.757869,Synchronised V abd S datasets/Categorised IOVNB Dataset/Vta (Driver E)/Vta26/S-Vta26.csv,
S-Vta27.csv,Vta27,Vta,S,Synchronised,Categorised,2540,253.9000000000001,2.725438481287023,99.99999999990905,98.9999999999327,101.00000000011278,10.000000000009095,10.000000000009095,100.0,False,10.000000000000568,253.9,10.0,0.0,10.261573463641277,0.449141000000001,,24,6ec6776e0230,53.060383,53.083454,-1.76767,-1.759178,Synchronised V abd S datasets/Categorised IOVNB Dataset/Vta (Driver E)/Vta27/S-Vta27.csv,
S-Vta28.csv,Vta28,Vta,S,Synchronised,Categorised,4210,420.9000000000001,3.8655214763282832,99.99999999990905,98.9999999999327,101.00000000011278,10.000000000009095,10.000000000009095,100.0,False,10.000000000000568,420.9,10.0,0.0,10.144431949981541,0.33055599999999974,1.0085125417284857,24,6ec6776e0230,53.08707,53.09283,-1.79366,-1.765907,Synchronised V abd S datasets/Categorised IOVNB Dataset/Vta (Driver E)/Vta28/S-Vta28.csv,
S-Vta29.csv,Vta29,Vta,S,Synchronised,Categorised,23705,2369.7780000000002,25.48499118228355,99.99999999999432,98.9999999999327,101.00000000011278,10.000000000000568,10.000000000000568,100.0,False,10.000000000000568,2369.778,10.002624718433541,0.0002109259649862898,10.140361258850692,0.3273959999999999,1.0277224601959953,24,6ec6776e0230,53.089325,53.21946,-1.908282,-1.793641,Synchronised V abd S datasets/Categorised IOVNB Dataset/Vta (Driver E)/Vta29/S-Vta29.csv,
S-Vta3.csv,Vta3,Vta,S,Synchronised,Categorised,645,64.4,0.15252315106921094,100.00000000000142,98.99999999999997,100.99999999999997,9.999999999999858,9.999999999999858,100.0,False,9.999999999999858,64.4,10.0,0.0,9.901616928057761,0.1270039999999998,,24,6ec6776e0230,52.81309,52.81347,-1.640957,-1.638823,Synchronised V abd S datasets/Categorised IOVNB Dataset/Vta (Driver E)/Vta03/S-Vta3.csv,
S-Vta30.csv,Vta30,Vta,S,Synchronised,Categorised,17136,1713.5,11.860490407781302,99.99999999990905,99.00000000016007,101.00000000011278,10.000000000009095,10.000000000009095,100.0,False,9.999999999997726,1713.5,10.0,0.0,9.91959311210826,0.23406000000000057,1.0030066235482145,24,6ec6776e0230,53.223392,53.25993,-1.938286,-1.871889,Synchronised V abd S datasets/Categorised IOVNB Dataset/Vta (Driver E)/Vta30/S-Vta30.csv,
S-Vta4.csv,Vta4,Vta,S,Synchronised,Categorised,1789,178.799,1.9800406834778088,99.99999999999432,98.99999999998954,100.99999999999909,10.000000000000568,10.000000000000568,100.0,False,10.000000000000213,178.799,10.000055928724434,0.0,10.270535860411568,0.27992399999999995,,24,6ec6776e0230,52.81381,52.827927,-1.651136,-1.636467,Synchronised V abd S datasets/Categorised IOVNB Dataset/Vta (Driver E)/Vta04/S-Vta4.csv,
S-Vta5.csv,Vta5,Vta,S,Synchronised,Categorised,307,30.600000000000023,0.30909670798749983,100.00000000002274,98.99999999998954,100.99999999999909,9.999999999997726,9.999999999997726,100.0,False,10.000000000000014,30.6,10.0,0.0,10.110205417299888,0.194338,,24,6ec6776e0230,52.828754,52.831345,-1.653286,-1.651825,Synchronised V abd S datasets/Categorised IOVNB Dataset/Vta (Driver E)/Vta05/S-Vta5.csv,
S-Vta6.csv,Vta6,Vta,S,Synchronised,Categorised,1376,137.5,2.5262297952454746,100.00000000002274,98.99999999998954,100.99999999999909,9.999999999997726,9.999999999997726,100.0,False,9.999999999999991,137.5,10.0,0.0,10.295894943491728,0.2938,,24,6ec6776e0230,52.832485,52.848232,-1.67862,-1.653545,Synchronised V abd S datasets/Categorised IOVNB Dataset/Vta (Driver E)/Vta06/S-Vta6.csv,
S-Vta7.csv,Vta7,Vta,S,Synchronised,Categorised,840,83.90000000000003,1.448427164784627,100.00000000002274,98.99999999998954,100.99999999999909,9.999999999997726,9.999999999997726,100.0,False,9.999999999999858,83.9,10.0,0.0,10.299389583271935,0.2629280000000002,,24,6ec6776e0230,52.84996,52.861904,-1.683053,-1.679164,Synchronised V abd S datasets/Categorised IOVNB Dataset/Vta (Driver E)/Vta07/S-Vta7.csv,
S-Vta8.csv,Vta8,Vta,S,Synchronised,Categorised,3676,367.5,3.286277224045774,100.00000000002274,98.9999999999327,100.99999999999909,9.999999999997726,9.999999999997726,100.0,False,10.000000000000568,367.5,10.0,0.0,9.959141939630893,0.217125,1.0090707657003877,24,6ec6776e0230,52.862984,52.881462,-1.703815,-1.6789,Synchronised V abd S datasets/Categorised IOVNB Dataset/Vta (Driver E)/Vta08/S-Vta8.csv,
S-Vta9.csv,Vta9,Vta,S,Synchronised,Categorised,156,15.497999999999934,0.16064750418640364,100.00000000002274,98.9999999999327,100.99999999999909,9.999999999997726,9.999999999997726,100.0,False,10.000000000000036,15.498,10.001290489095368,0.0,10.052899473567258,0.16599499999999995,,24,6ec6776e0230,52.881516,52.881527,-1.710504,-1.70811,Synchronised V abd S datasets/Categorised IOVNB Dataset/Vta (Driver E)/Vta09/S-Vta9.csv,
V-vta10.csv,vta10,Vta,V,Synchronised,Categorised,1502,150.09999999999854,3.741445836512865,99.99999999854481,99.99999999854481,100.00000000582077,10.00000000014552,10.00000000014552,100.0,False,,,10.000000000000098,0.0,0.0562573589427872,18.5,3.620913156124938,29,f7a4d7742d3e,52.88176740000001,52.8909042,-1.767002,-1.7174155000000002,Synchronised V abd S datasets/Categorised IOVNB Dataset/Vta (Driver E)/Vta10/V-vta10.csv,
V-vta11.csv,vta11,Vta,V,Synchronised,Categorised,510,50.900000000001455,0.7140812007612394,99.99999999854481,99.99999999854481,100.00000000582077,10.00000000014552,10.00000000014552,100.0,False,,,9.999999999999714,0.0,0.22984540412966922,24.481999099999992,3.622319436560588,29,f7a4d7742d3e,52.892154,52.8946472,-1.7760076,-1.7710478,Synchronised V abd S datasets/Categorised IOVNB Dataset/Vta (Driver E)/Vta11/V-vta11.csv,
V-vta12.csv,vta12,Vta,V,Synchronised,Categorised,610,60.900000000001455,1.1244532168715349,99.99999999854481,99.99999999854481,100.00000000582077,10.00000000014552,10.00000000014552,100.0,False,,,9.99999999999976,0.0,0.0799579383977601,7.091005459999996,3.6140893748516856,29,f7a4d7742d3e,52.8958062,52.90527039999999,-1.7704992,-1.7661359,Synchronised V abd S datasets/Categorised IOVNB Dataset/Vta (Driver E)/Vta12/V-vta12.csv,
V-vta13.csv,vta13,Vta,V,Synchronised,Categorised,404,40.299999999995634,0.9777713173423564,99.99999999854481,99.99999999854481,100.00000000582077,10.00000000014552,10.00000000014552,100.0,False,,,10.000000000001084,0.0,0.11325661037758608,7.588006179999987,3.615507521727622,29,f7a4d7742d3e,52.9073546,52.9155214,-1.7648318,-1.760498,Synchronised V abd S datasets/Categorised IOVNB Dataset/Vta (Driver E)/Vta13/V-vta13.csv,
V-vta14.csv,vta14,Vta,V,Synchronised,Categorised,2885,288.3999999999942,5.4278809411172695,99.99999999854481,99.99999999854481,100.00000000582077,10.00000000014552,10.00000000014552,100.0,False,,,10.000000000000203,0.0,0.04997993,6.299988,3.619894416035895,29,f7a4d7742d3e,52.9164217,52.9639178,-1.7637877000000002,-1.7574937,Synchronised V abd S datasets/Categorised IOVNB Dataset/Vta (Driver E)/Vta14/V-vta14.csv,
V-vta15.csv,vta15,Vta,V,Synchronised,Categorised,833,83.19999999999709,1.652871986965282,99.99999999854481,99.99999999854481,100.00000000582077,10.00000000014552,10.00000000014552,100.0,False,,,10.00000000000035,0.0,0.049572460492031255,4.800018,3.61788621116401,29,f7a4d7742d3e,52.965426099999995,52.979204900000006,-1.7569492,-1.7498335000000005,Synchronised V abd S datasets/Categorised IOVNB Dataset/Vta (Driver E)/Vta15/V-vta15.csv,
V-vta16.csv,vta16,Vta,V,Synchronised,Categorised,11335,1133.4000000000015,13.659520198350673,99.99999999854481,99.99999999854481,100.00000000582077,10.00000000014552,10.00000000014552,100.0,False,,,9.999999999999988,0.0,0.0580773355278916,21.80002,3.6247281218626406,29,f7a4d7742d3e,52.9800935,53.0630724,-1.7740729,-1.7316515,Synchronised V abd S datasets/Categorised IOVNB Dataset/Vta (Driver E)/Vta16/V-vta16.csv,
V-vta17.csv,vta17,Vta,V,Synchronised,Categorised,4519,451.79999999999563,4.096200519472897,99.99999999854481,99.99999999854481,100.00000000582077,10.00000000014552,10.00000000014552,100.0,False,,,10.000000000000096,0.0,0.09116313285095297,23.63801459999974,3.63959110316238,29,f7a4d7742d3e,53.0421429,53.0552289,-1.8058336,-1.7761166000000002,Synchronised V abd S datasets/Categorised IOVNB Dataset/Vta (Driver E)/Vta17/V-vta17.csv,
V-Vta18.csv,Vta18,Vta,V,Unsynchronised,Uncategorised,100,9.900000000001455,0.13015365714825367,99.99999999854481,99.99999999854481,100.00000000582077,10.00000000014552,10.00000000014552,100.0,False,,,9.999999999998531,0.0,0.058077274409320936,5.7060120600000035,3.625774228902457,29,f7a4d7742d3e,53.0435613,53.043669,-1.8087332,-1.8068093999999997,Unsynchronised V and S Dataset/Uncategorised IOVNB (V and S) Dataset/V-Dataset/V-Vta18.csv,
V-vta19.csv,vta19,Vta,V,Synchronised,Categorised,292,29.099999999998545,0.2339094203022145,99.99999999854481,99.99999999854481,100.00000000582077,10.00000000014552,10.00000000014552,100.0,False,,,10.000000000000501,0.0,0.08762581191774152,14.827019099999994,3.6281296074987863,29,f7a4d7742d3e,53.042441499999995,53.043282,-1.8130826,-1.8099105,Synchronised V abd S datasets/Categorised IOVNB Dataset/Vta (Driver E)/Vta19/V-vta19.csv,
V-Vta1a.csv,Vta1a,Vta,V,Synchronised,Categorised,25676,2567.5,40.66778248851227,99.99999999854481,99.99999999854481,100.00000000582077,10.00000000014552,10.00000000014552,100.0,False,,,10.0,0.0,0.06225337744108829,20.2250125,3.6250904619726363,29,f7a4d7742d3e,52.5527811,52.7607462,-1.6923737,-1.4547392,Synchronised V abd S datasets/Categorised IOVNB Dataset/Vta (Driver E)/Vta01a/V-Vta1a.csv,
V-Vta1b.csv,Vta1b,Vta,V,Synchronised,Categorised,953,95.19999999999709,1.2565259096697772,99.99999999854481,99.99999999854481,100.00000000582077,10.00000000014552,10.00000000014552,100.0,False,,,10.000000000000306,0.0,0.08188643265651337,9.399994,3.633181177417001,29,f7a4d7742d3e,52.7492397,52.7598923,-1.6786892,-1.6741376,Synchronised V abd S datasets/Categorised IOVNB Dataset/Vta (Driver E)/Vta01b/V-Vta1b.csv,
V-vta2.csv,vta2,Vta,V,Synchronised,Categorised,10991,1099.0,11.045276775143472,99.99999999854481,99.99999999854481,100.00000000582077,10.00000000014552,10.00000000014552,100.0,False,,,10.0,0.0,0.05360570854701391,24.199983,3.624582020158936,29,f7a4d7742d3e,52.7604151,52.8195049,-1.6799638,-1.6192284,Synchronised V abd S datasets/Categorised IOVNB Dataset/Vta (Driver E)/Vta02/V-vta2.csv,
V-vta20.csv,vta20,Vta,V,Synchronised,Categorised,3223,322.1999999999971,0.38798775278509495,99.99999999854481,99.99999999854481,100.00000000582077,10.00000000014552,10.00000000014552,100.0,False,,,10.00000000000009,0.0,0.01937985,15.20001,3.634974030695002,29,f7a4d7742d3e,53.0404753,53.042464200000005,-1.8174883,-1.8130511,Synchronised V abd S datasets/Categorised IOVNB Dataset/Vta (Driver E)/Vta20/V-vta20.csv,
V-vta21.csv,vta21,Vta,V,Synchronised,Categorised,2079,207.8000000000029,2.7526800852185396,99.99999999854481,99.99999999854481,100.00000000582077,10.00000000014552,10.00000000014552,100.0,False,,,9.99999999999986,0.0,0.0774460962192737,19.79999,3.6348708635479063,29,f7a4d7742d3e,53.040531099999995,53.051261999999994,-1.817357,-1.7964151000000002,Synchronised V abd S datasets/Categorised IOVNB Dataset/Vta (Driver E)/Vta21/V-vta21.csv,
V-vta22.csv,vta22,Vta,V,Synchronised,Categorised,1564,156.3000000000029,1.6565672020945368,99.99999999854481,99.99999999854481,100.00000000582077,10.00000000014552,10.00000000014552,100.0,False,,,9.999999999999813,0.0,0.0774460962192737,35.5,3.630852477764457,29,f7a4d7742d3e,53.0513697,53.05525,-1.7996905,-1.7827442,Synchronised V abd S datasets/Categorised IOVNB Dataset/Vta (Driver E)/Vta22/V-vta22.csv,
V-vta23.csv,vta23,Vta,V,Synchronised,Categorised,1110,110.90000000000146,1.0853191063694674,99.99999999854481,99.99999999854481,100.00000000582077,10.00000000014552,10.00000000014552,100.0,False,,,9.999999999999869,0.0,0.13377238111938422,13.84599270000005,3.650140713217246,29,f7a4d7742d3e,53.050368899999995,53.052990300000005,-1.7817706000000002,-1.7679484,Synchronised V abd S datasets/Categorised IOVNB Dataset/Vta (Driver E)/Vta23/V-vta23.csv,
V-vta24.csv,vta24,Vta,V,Synchronised,Categorised,1171,117.0,0.6924544077164583,99.99999999854481,99.99999999854481,100.00000000582077,10.00000000014552,10.00000000014552,100.0,False,,,10.0,0.0,0.06614282816462039,23.95999599999999,3.6360215565491805,29,f7a4d7742d3e,53.0504521,53.0517956,-1.7672031,-1.7581572,Synchronised V abd S datasets/Categorised IOVNB Dataset/Vta (Driver E)/Vta24/V-vta24.csv,
V-vta25.csv,vta25,Vta,V,Synchronised,Categorised,646,64.5,0.15866564748348316,99.99999999854481,99.99999999854481,100.00000000582077,10.00000000014552,10.00000000014552,100.0,False,,,10.0,0.0,0.053605795313687865,29.820004499999982,3.6543585888759234,29,f7a4d7742d3e,53.05107640000001,53.051261999999994,-1.7581713,-1.7565252999999998,Synchronised V abd S datasets/Categorised IOVNB Dataset/Vta (Driver E)/Vta25/V-vta25.csv,
V-vta26.csv,vta26,Vta,V,Synchronised,Categorised,1935,193.40000000000146,1.0043341079941974,99.99999999854481,99.99999999854481,100.00000000582077,10.00000000014552,10.00000000014552,100.0,False,,,9.999999999999925,0.0,0.13884741626261865,15.865990000000009,3.6412674091761614,29,f7a4d7742d3e,53.051219999999994,53.0599424,-1.7591566,-1.7578423,Synchronised V abd S datasets/Categorised IOVNB Dataset/Vta (Driver E)/Vta26/V-vta26.csv,
V-vta27.csv,vta27,Vta,V,Synchronised,Categorised,2540,253.89999999999418,3.146437289890055,99.99999999854481,99.99999999854481,100.00000000582077,10.00000000014552,10.00000000014552,100.0,False,,,10.00000000000023,0.0,0.07540412240199337,10.561006100000013,3.6275091882694515,29,f7a4d7742d3e,53.0603827,53.0869688,-1.7676883,-1.7592351000000002,Synchronised V abd S datasets/Categorised IOVNB Dataset/Vta (Driver E)/Vta27/V-vta27.csv,
V-vta28.csv,vta28,Vta,V,Synchronised,Categorised,4210,420.8999999999942,3.92843173174172,99.99999999854481,99.99999999854481,100.00000000582077,10.00000000014552,10.00000000014552,100.0,False,,,10.000000000000139,0.0,0.09182841637975142,28.091009099999983,3.6302946844625805,29,f7a4d7742d3e,53.0870987,53.0928106,-1.7936385,-1.7658207,Synchronised V abd S datasets/Categorised IOVNB Dataset/Vta (Driver E)/Vta28/V-vta28.csv,
V-vta29.csv,vta29,Vta,V,Synchronised,Categorised,23705,2370.4000000000015,26.069495041043094,99.99999999854481,99.99999999854481,100.00000000582077,10.00000000014552,10.00000000014552,100.0,False,,,9.999999999999995,0.0,0.08976007,18.60001,3.632000477579691,29,f7a4d7742d3e,53.0893228,53.221340000000005,-1.9083286,-1.7936408,Synchronised V abd S datasets/Categorised IOVNB Dataset/Vta (Driver E)/Vta29/V-vta29.csv,
V-vta3.csv,vta3,Vta,V,Synchronised,Categorised,645,64.40000000000146,0.37462279823637873,99.99999999854481,99.99999999854481,100.00000000582077,10.00000000014552,10.00000000014552,100.0,False,,,9.999999999999774,0.0,0.06936002,30.367991199999985,3.6416166953206,29,f7a4d7742d3e,52.8130369,52.8135866,-1.640958,-1.6378498999999995,Synchronised V abd S datasets/Categorised IOVNB Dataset/Vta (Driver E)/Vta03/V-vta3.csv,
V-vta30.csv,vta30,Vta,V,Synchronised,Categorised,17136,1713.5,11.74896614265559,99.99999999854481,99.99999999854481,100.00000000582077,10.00000000014552,10.00000000014552,100.0,False,,,10.0,0.0,0.04997993,22.764997000000147,3.6275534301950043,29,f7a4d7742d3e,53.2225445,53.2598991,-1.9382754,-1.8719779,Synchronised V abd S datasets/Categorised IOVNB Dataset/Vta (Driver E)/Vta30/V-vta30.csv,
V-vta4.csv,vta4,Vta,V,Synchronised,Categorised,1789,178.8000000000029,1.993332803697504,99.99999999854481,99.99999999854481,100.00000000582077,10.00000000014552,10.00000000014552,100.0,False,,,9.999999999999837,0.0,0.05625727408984548,21.13200119999988,3.6213797344829617,29,f7a4d7742d3e,52.8137699,52.8278828,-1.6510502,-1.6364091,Synchronised V abd S datasets/Categorised IOVNB Dataset/Vta (Driver E)/Vta04/V-vta4.csv,
V-vta5.csv,vta5,Vta,V,Synchronised,Categorised,307,30.599999999998545,0.36110311805464723,99.99999999854481,99.99999999854481,100.00000000582077,10.00000000014552,10.00000000014552,100.0,False,,,10.000000000000476,0.0,0.05081601194160813,23.0940094,3.625445161950787,29,f7a4d7742d3e,52.828763,52.8317752,-1.653374,-1.6517674,Synchronised V abd S datasets/Categorised IOVNB Dataset/Vta (Driver E)/Vta05/V-vta5.csv,
V-vta6.csv,vta6,Vta,V,Synchronised,Categorised,1376,137.5,2.588020163162248,99.99999999854481,99.99999999854481,100.00000000582077,10.00000000014552,10.00000000014552,100.0,False,,,10.0,0.0,0.049572460492031255,8.6500015,3.625409933624677,29,f7a4d7742d3e,52.832482,52.8487367,-1.6788735,-1.6535135,Synchronised V abd S datasets/Categorised IOVNB Dataset/Vta (Driver E)/Vta06/V-vta6.csv,
V-vta7.csv,vta7,Vta,V,Synchronised,Categorised,840,83.90000000000146,1.505103998168365,99.99999999854481,99.99999999854481,100.00000000582077,10.00000000014552,10.00000000014552,100.0,False,,,9.999999999999826,0.0,0.1199920346870138,31.759003900000025,3.6195039692211415,29,f7a4d7742d3e,52.8499582,52.862270800000005,-1.6831827,-1.6791671999999995,Synchronised V abd S datasets/Categorised IOVNB Dataset/Vta (Driver E)/Vta07/V-vta7.csv,
V-vta8.csv,vta8,Vta,V,Synchronised,Categorised,3676,367.5,3.399961027182085,99.99999999854481,99.99999999854481,100.00000000582077,10.00000000014552,10.00000000014552,100.0,False,,,10.0,0.0,0.03536341877735381,19.2250125,3.626373721342726,29,f7a4d7742d3e,52.8629741,52.8815867,-1.7049529,-1.6788961,Synchronised V abd S datasets/Categorised IOVNB Dataset/Vta (Driver E)/Vta08/V-vta8.csv,
V-vta9.csv,vta9,Vta,V,Synchronised,Categorised,156,15.5,0.3087157103783932,99.99999999854481,99.99999999854481,100.00000000582077,10.00000000014552,10.00000000014552,100.0,False,,,10.0,0.0,0.08098717227558525,2.144995199999999,3.6366107915980743,29,f7a4d7742d3e,52.8815347,52.881577,-1.7126874,-1.7080875,Synchronised V abd S datasets/Categorised IOVNB Dataset/Vta (Driver E)/Vta09/V-vta9.csv,
S-Vtb1.csv,Vtb1,Vtb,S,Synchronised,Categorised,32459,3245.799,40.168981250295765,99.99999999990905,97.99999999995634,101.00000000011278,10.000000000009095,10.000000000009095,100.0,False,10.000000000009095,3245.799,10.000003080905502,0.20114606118487938,10.15972081358538,0.278,1.0126062140881538,24,6ec6776e0230,53.184223,53.280983,-1.910692,-1.64297,Synchronised V abd S datasets/Categorised IOVNB Dataset/Vtb (Driver E)/Vtb01/S-Vtb1.csv,
S-Vtb10.csv,Vtb10,Vtb,S,Synchronised,Categorised,196,19.50000000000091,0.21039136769111222,100.0000000003638,99.00000000016007,101.00000000056752,9.99999999996362,9.99999999996362,100.0,False,10.000000000000036,19.5,10.0,0.0,10.117279464440461,0.17726500000000006,,24,6ec6776e0230,52.558567,52.559357,-1.485308,-1.48248,Synchronised V abd S datasets/Categorised IOVNB Dataset/Vtb (Driver E)/Vtb10/S-Vtb10.csv,
S-Vtb11.csv,Vtb11,Vtb,S,Synchronised,Categorised,361,36.0,0.6989424651266102,100.0000000003638,99.00000000016007,101.00000000056752,9.99999999996362,9.99999999996362,100.0,False,10.000000000000002,36.0,10.0,0.0,10.180530729289117,0.2400599999999998,,24,6ec6776e0230,52.554585,52.557327,-1.478358,-1.469055,Synchronised V abd S datasets/Categorised IOVNB Dataset/Vtb (Driver E)/Vtb11/S-Vtb11.csv,
S-Vtb12.csv,Vtb12,Vtb,S,Synchronised,Categorised,447,44.60099999999875,0.39981732980888424,100.0000000003638,99.00000000016007,101.00000000056752,9.99999999996362,9.99999999996362,100.0,False,9.999999999999947,44.601,9.999775789780498,0.0,10.06103362234716,0.2327140000000002,,24,6ec6776e0230,52.553253,52.554432,-1.466707,-1.461703,Synchronised V abd S datasets/Categorised IOVNB Dataset/Vtb (Driver E)/Vtb12/S-Vtb12.csv,
S-Vtb2.csv,Vtb2,Vtb,S,Synchronised,Categorised,5712,571.1,4.26033035773767,100.00000000000142,98.99999999998954,100.99999999999909,9.999999999999858,9.999999999999858,100.0,False,9.999999999999858,571.1,10.0,0.0,10.006257083279877,0.28647900000000037,0.9878227069025575,24,6ec6776e0230,53.170273,53.18432,-1.684621,-1.646709,Synchronised V abd S datasets/Categorised IOVNB Dataset/Vtb (Driver E)/Vtb02/S-Vtb2.csv,
S-Vtb3.csv,Vtb3,Vtb,S,Synchronised,Categorised,8240,823.9,1.550204882441339,100.00000000002274,98.9999999999327,100.99999999999909,9.999999999997726,9.999999999997726,100.0,False,9.999999999997726,823.9,10.0,0.0,9.868309080725277,0.1861829999999999,,24,6ec6776e0230,53.169914,53.173943,-1.672992,-1.66641,Synchronised V abd S datasets/Categorised IOVNB Dataset/Vtb (Driver E)/Vtb03/S-Vtb3.csv,
S-Vtb4.csv,Vtb4,Vtb,S,Synchronised,Categorised,556,55.5,0.22220862160284002,99.99999999990905,98.9999999999327,101.00000000011278,10.000000000009095,10.000000000009095,100.0,False,9.999999999999858,55.5,10.0,0.0,10.207999579940378,0.35226,,24,6ec6776e0230,53.170605,53.171486,-1.675215,-1.672944,Synchronised V abd S datasets/Categorised IOVNB Dataset/Vtb (Driver E)/Vtb04/S-Vtb4.csv,
S-Vtb5.csv,Vtb5,Vtb,S,Synchronised,Categorised,64388,6438.701,110.64194223676257,99.99999999990905,98.99999999970532,101.00000000056752,10.000000000009095,10.000000000009095,100.0,False,10.00000000000341,6438.701,9.999998446891695,0.0,10.03737427069374,0.26461299999999977,0.999908552254235,24,6ec6776e0230,52.58063,53.189842,-1.684621,-1.230792,Synchronised V abd S datasets/Categorised IOVNB Dataset/Vtb (Driver E)/Vtb05/S-Vtb5.csv,
S-Vtb6.csv,Vtb6,Vtb,S,Synchronised,Categorised,498,49.69999999999982,0.7949380552006211,100.0000000003638,99.00000000016007,101.00000000056752,9.99999999996362,9.99999999996362,100.0,False,9.999999999999858,49.7,10.0,0.0,10.042171184949904,0.3643019999999996,,24,6ec6776e0230,52.573612,52.578316,-1.537562,-1.528705,Synchronised V abd S datasets/Categorised IOVNB Dataset/Vtb (Driver E)/Vtb06/S-Vtb6.csv,
S-Vtb7.csv,Vtb7,Vtb,S,Synchronised,Categorised,461,46.001000000000204,0.6970320723750449,100.0000000003638,99.00000000016007,101.00000000056752,9.99999999996362,9.99999999996362,100.0,False,9.999999999999947,46.001,9.999782613421448,0.0,10.06819046502399,0.2338399999999999,,24,6ec6776e0230,52.56919,52.572826,-1.527021,-1.518801,Synchronised V abd S datasets/Categorised IOVNB Dataset/Vtb (Driver E)/Vtb07/S-Vtb7.csv,
S-Vtb8.csv,Vtb8,Vtb,S,Synchronised,Categorised,668,66.69999999999982,1.2201047244133023,100.0000000003638,99.00000000016007,101.00000000056752,9.99999999996362,9.99999999996362,100.0,False,9.999999999999858,66.7,10.0,0.0,10.173204732641121,0.2908260000000001,,24,6ec6776e0230,52.563763,52.568546,-1.516579,-1.500333,Synchronised V abd S datasets/Categorised IOVNB Dataset/Vtb (Driver E)/Vtb08/S-Vtb8.csv,
S-Vtb9.csv,Vtb9,Vtb,S,Synchronised,Categorised,452,45.09900000000016,0.9626917299065829,100.0000000003638,99.00000000016007,101.00000000056752,9.99999999996362,9.99999999996362,100.0,False,9.999999999999991,45.099,10.000221734406528,0.0,10.074359010566788,0.35540800000000017,,24,6ec6776e0230,52.559357,52.563107,-1.498144,-1.485308,Synchronised V abd S datasets/Categorised IOVNB Dataset/Vtb (Driver E)/Vtb09/S-Vtb9.csv,
V-vtb1.csv,vtb1,Vtb,V,Synchronised,Categorised,32459,3245.7999999999956,41.85068029483663,99.99999999854481,99.99999999854481,100.00000000582077,10.00000000014552,10.00000000014552,100.0,False,,,10.000000000000014,0.0,0.06387827366808609,22.842007399999826,3.626019378482438,29,f7a4d7742d3e,53.1841811,53.2809703,-1.9146445,-1.6429806,Synchronised V abd S datasets/Categorised IOVNB Dataset/Vtb (Driver E)/Vtb01/V-vtb1.csv,
V-vtb10.csv,vtb10,Vtb,V,Synchronised,Categorised,195,19.40000000000873,0.22438059789138864,100.00000000582077,99.99999999126885,100.00000000582077,9.999999999417923,9.999999999417923,100.0,False,,,9.999999999995499,0.0,0.10758444151471207,19.259980000000002,3.6264295956487183,29,f7a4d7742d3e,52.5581475,52.55900320000001,-1.4843,-1.4813189,Synchronised V abd S datasets/Categorised IOVNB Dataset/Vtb (Driver E)/Vtb10/V-vtb10.csv,
V-vtb11.csv,vtb11,Vtb,V,Synchronised,Categorised,361,36.0,0.6962180249014023,100.00000000582077,99.99999999126885,100.00000000582077,9.999999999417923,9.999999999417923,100.0,False,,,10.0,0.0,0.02958012,1.800018,3.624018902510783,29,f7a4d7742d3e,52.5545369,52.5572961,-1.4784122,-1.4691684,Synchronised V abd S datasets/Categorised IOVNB Dataset/Vtb (Driver E)/Vtb11/V-vtb11.csv,
V-vtb12.csv,vtb12,Vtb,V,Synchronised,Categorised,447,44.59999999999127,0.5271610589044253,100.00000000582077,99.99999999126885,100.00000000582077,9.999999999417923,9.999999999417923,100.0,False,,,10.000000000001958,0.0,0.11343580801847933,22.853990000000003,3.63032882406159,29,f7a4d7742d3e,52.553132,52.5547059,-1.4667861,-1.4601857,Synchronised V abd S datasets/Categorised IOVNB Dataset/Vtb (Driver E)/Vtb12/V-vtb12.csv,
V-Vtb13.csv,Vtb13,Vtb,V,Unsynchronised,Categorised,1245,124.39999999999418,0.9861709332780823,100.00000000582077,99.99999999126885,100.00000000582077,9.999999999417923,9.999999999417923,100.0,False,,,10.000000000000467,0.0,0.06936002,16.39999,3.625709432984474,29,f7a4d7742d3e,52.5557398,52.5617449,-1.4598011,-1.4547838999999996,Unsynchronised V and S Dataset/Categorised IOVNB (V) Dataset/V Dataset/Vtb (Driver E)/Vtb13/V-Vtb13.csv,
V-vtb2.csv,vtb2,Vtb,V,Synchronised,Categorised,5712,571.0999999999985,4.336619238979802,99.99999999854481,99.99999999854481,100.00000000582077,10.00000000014552,10.00000000014552,100.0,False,,,10.000000000000025,0.00035014005602240897,0.08366486020785668,15.60001,3.625072768729901,29,f7a4d7742d3e,53.1702936,53.184182,-1.6846019999999997,-1.6464927,Synchronised V abd S datasets/Categorised IOVNB Dataset/Vtb (Driver E)/Vtb02/V-vtb2.csv,
V-vtb3.csv,vtb3,Vtb,V,Synchronised,Categorised,8240,823.9000000000015,0.6893897796287083,99.99999999854481,99.99999999854481,100.00000000582077,10.00000000014552,10.00000000014552,100.0,False,,,9.999999999999982,0.0,0.03978014,10.522002199999934,3.6366053909380653,29,f7a4d7742d3e,53.1699336,53.171113,-1.6729939,-1.6684084,Synchronised V abd S datasets/Categorised IOVNB Dataset/Vtb (Driver E)/Vtb03/V-vtb3.csv,
V-vtb4.csv,vtb4,Vtb,V,Synchronised,Categorised,556,55.5,0.23997532028253937,99.99999999854481,99.99999999854481,100.00000000582077,10.00000000014552,10.00000000014552,100.0,False,,,10.0,0.0,0.10038074147789934,19.78000550000002,3.6308422878076336,29,f7a4d7742d3e,53.1706727,53.1716386,-1.6752505000000002,-1.6728776,Synchronised V abd S datasets/Categorised IOVNB Dataset/Vtb (Driver E)/Vtb04/V-vtb4.csv,
V-vtb5.csv,vtb5,Vtb,V,Synchronised,Categorised,64388,6438.700000000004,111.43780982563598,99.99999999854481,99.99999999854481,100.00000000582077,10.00000000014552,10.00000000014552,100.0,False,,,9.999999999999993,0.0,0.04424950881120038,13.10001,3.6219995028977134,29,f7a4d7742d3e,52.5790267,53.19002149999999,-1.6846469999999998,-1.2307461999999998,Synchronised V abd S datasets/Categorised IOVNB Dataset/Vtb (Driver E)/Vtb05/V-vtb5.csv,
V-vtb6.csv,vtb6,Vtb,V,Synchronised,Categorised,498,49.70000000001164,0.8734816273912364,100.00000000582077,99.99999999126885,100.00000000582077,9.999999999417923,9.999999999417923,100.0,False,,,9.999999999997657,0.0,0.0580773355278916,2.3030172799999975,3.618755925893516,29,f7a4d7742d3e,52.5731438,52.5783009,-1.5376289,-1.5278862,Synchronised V abd S datasets/Categorised IOVNB Dataset/Vtb (Driver E)/Vtb06/V-vtb6.csv,
V-vtb7.csv,vtb7,Vtb,V,Synchronised,Categorised,461,46.0,0.719984314474207,100.00000000582077,99.99999999126885,100.00000000582077,9.999999999417923,9.999999999417923,100.0,False,,,10.0,0.0,0.05915999,7.019989199999993,3.628427364068281,29,f7a4d7742d3e,52.5690665,52.5727695,-1.5270629,-1.5185565,Synchronised V abd S datasets/Categorised IOVNB Dataset/Vtb (Driver E)/Vtb07/V-vtb7.csv,
V-vtb8.csv,vtb8,Vtb,V,Synchronised,Categorised,668,66.69999999999709,1.2900728097358556,100.00000000582077,99.99999999126885,100.00000000582077,9.999999999417923,9.999999999417923,100.0,False,,,10.000000000000437,0.0,0.03097164780342113,1.1999919000000001,3.6265656115904252,29,f7a4d7742d3e,52.5634336,52.568501399999995,-1.5166419,-1.4994729,Synchronised V abd S datasets/Categorised IOVNB Dataset/Vtb (Driver E)/Vtb08/V-vtb8.csv,
V-vtb9.csv,vtb9,Vtb,V,Synchronised,Categorised,452,45.10000000000582,0.9638599020023308,100.00000000582077,99.99999999126885,100.00000000582077,9.999999999417923,9.999999999417923,100.0,False,,,9.999999999998709,0.0,0.04997993,1.2490002400000009,3.625085857407568,29,f7a4d7742d3e,52.5592966,52.5630667,-1.4982033,-1.4853653999999998,Synchronised V abd S datasets/Categorised IOVNB Dataset/Vtb (Driver E)/Vtb09/V-vtb9.csv,
S-Vw1.csv,Vw1,Vw,S,Synchronised,Categorised,20476,2047.5,0.0,100.00000000000142,98.9999999999327,101.00000000011278,9.999999999999858,9.999999999999858,100.0,False,9.999999999999858,2047.5,10.0,0.0,9.853032603974402,0.0321,,24,6ec6776e0230,52.554695,52.554695,-1.463064,-1.463064,Synchronised V abd S datasets/Categorised IOVNB Dataset/Vw (Driver E)/Vw01/S-Vw1.csv,
S-Vw10.csv,Vw10,Vw,S,Synchronised,Categorised,652,65.10000000000036,0.7036717925788557,100.0000000003638,99.00000000016007,101.00000000056752,9.99999999996362,9.99999999996362,100.0,False,9.999999999999858,65.1,10.0,0.0,10.288545104004733,0.4910840000000001,,24,6ec6776e0230,52.201836,52.20349,-2.201769,-2.192233,Synchronised V abd S datasets/Categorised IOVNB Dataset/Vw (Driver E)/Vw10/S-Vw10.csv,
S-Vw11.csv,Vw11,Vw,S,Synchronised,Categorised,4909,490.7999999999993,5.613514377468164,100.0000000003638,99.00000000016007,101.00000000056752,9.99999999996362,9.99999999996362,100.0,False,10.000000000000036,490.8,10.0,0.0,9.984514132395226,0.42687600000000003,1.0338359627785496,24,6ec6776e0230,52.20184,52.229725,-2.191775,-2.141184,Synchronised V abd S datasets/Categorised IOVNB Dataset/Vw (Driver E)/Vw11/S-Vw11.csv,
S-Vw12.csv,Vw12,Vw,S,Synchronised,Categorised,918,91.7,2.254679145862617,100.00000000000142,98.99999999999665,100.99999999999997,9.999999999999858,9.999999999999858,100.0,False,9.999999999999858,91.7,10.0,0.0,10.19840210635866,0.3927920000000001,,24,6ec6776e0230,52.23328,52.253063,-2.138977,-2.133607,Synchronised V abd S datasets/Categorised IOVNB Dataset/Vw (Driver E)/Vw12/S-Vw12.csv,
S-Vw13.csv,Vw13,Vw,S,Synchronised,Categorised,284,28.3,0.7405884454027962,99.99999999999964,99.0000000000002,101.00000000000087,10.000000000000036,10.000000000000036,100.0,False,10.000000000000036,28.3,10.0,0.0,10.429739702347025,0.4448150000000006,,24,6ec6776e0230,52.275085,52.2816,-2.121993,-2.119732,Synchronised V abd S datasets/Categorised IOVNB Dataset/Vw (Driver E)/Vw13/S-Vw13.csv,
S-Vw14a.csv,Vw14a,Vw,S,Synchronised,Categorised,3138,313.70000000000005,7.934671872790248,99.99999999999432,98.99999999998954,100.99999999999909,10.000000000000568,10.000000000000568,100.0,False,10.000000000000568,313.7,10.0,0.0,10.194125643869752,0.388452,1.007027185637495,24,6ec6776e0230,52.285957,52.348835,-2.121308,-2.074244,Synchronised V abd S datasets/Categorised IOVNB Dataset/Vw (Driver E)/Vw14a/S-Vw14a.csv,
S-Vw14b.csv,Vw14b,Vw,S,Synchronised,Categorised,19588,1958.701,41.13823904999251,100.00000000002274,98.9999999999327,101.00000000011278,9.999999999997726,9.999999999997726,100.0,False,9.999999999999858,1958.701,9.999994894575538,0.0,10.076688187570578,0.3932130000000001,1.0046274560542519,24,6ec6776e0230,52.34756,52.524723,-2.074244,-1.708907,Synchronised V abd S datasets/Categorised IOVNB Dataset/Vw (Driver E)/Vw14b/S-Vw14b.csv,
S-Vw14c.csv,Vw14c,Vw,S,Synchronised,Categorised,15826,1582.5,16.977914324246314,99.99999999990905,98.99999999970532,101.00000000011278,10.000000000009095,10.000000000009095,100.0,False,9.999999999997726,1582.5,10.0,0.0,9.921807752858227,0.347475,0.9928225335964437,24,6ec6776e0230,52.524723,52.604424,-1.731564,-1.609,Synchronised V abd S datasets/Categorised IOVNB Dataset/Vw (Driver E)/Vw14c/S-Vw14c.csv,
S-Vw15.csv,Vw15,Vw,S,Synchronised,Categorised,1380,137.9,0.0,99.99999999999987,98.99999999999665,100.99999999999909,10.000000000000014,10.000000000000012,100.0,False,9.999999999999991,137.9,10.0,0.0,9.85060675245171,0.021420000000000074,,24,6ec6776e0230,52.596283,52.596283,-1.608857,-1.608857,Synchronised V abd S datasets/Categorised IOVNB Dataset/Vw (Driver E)/Vw15/S-Vw15.csv,
S-Vw16a.csv,Vw16a,Vw,S,Synchronised,Categorised,5879,587.799,8.180138315202738,100.00000000000142,98.99999999998954,100.99999999999909,9.999999999999858,9.999999999999858,100.0,False,9.999999999999858,587.799,10.00001701261826,0.0,10.009754415568846,0.4496840000000006,1.0081470263481669,24,6ec6776e0230,52.564384,52.596283,-1.608857,-1.502775,Synchronised V abd S datasets/Categorised IOVNB Dataset/Vw (Driver E)/Vw16a/S-Vw16a.csv,
S-Vw16b.csv,Vw16b,Vw,S,Synchronised,Categorised,1126,112.50099999999998,1.8104483550422465,100.00000000002274,98.9999999999327,100.99999999999909,9.999999999997726,9.999999999997726,100.0,False,9.999999999999858,112.501,9.999911111901227,0.0,10.190570018858875,0.444625,,24,6ec6776e0230,52.55589,52.562946,-1.49791,-1.47378,Synchronised V abd S datasets/Categorised IOVNB Dataset/Vw (Driver E)/Vw16b/S-Vw16b.csv,
S-Vw17.csv,Vw17,Vw,S,Synchronised,Categorised,329,32.80099999999993,0.4649955314386764,100.00000000002274,98.9999999999327,100.99999999999909,9.999999999997726,9.999999999997726,100.0,False,10.000000000000014,32.801,9.999695131245998,0.0,10.197741970161827,0.42265599999999937,,24,6ec6776e0230,52.553425,52.55524,-1.471688,-1.465492,Synchronised V abd S datasets/Categorised IOVNB Dataset/Vw (Driver E)/Vw17/S-Vw17.csv,
S-Vw2.csv,Vw2,Vw,S,Synchronised,Categorised,52713,5271.199,98.06630030619733,99.99999999990905,98.9999999999327,101.00000000011278,10.000000000009095,10.000000000009095,100.0,False,10.000000000009095,5271.199,10.00000189710159,0.0,10.06582747418214,0.3714,1.0007101906885765,24,6ec6776e0230,52.025345,52.555145,-1.464325,-0.602715,Synchronised V abd S datasets/Categorised IOVNB Dataset/Vw (Driver E)/Vw02/S-Vw2.csv,
S-Vw3.csv,Vw3,Vw,S,Synchronised,Categorised,3861,386.0009999999993,4.821393033355544,100.0000000003638,98.99999999925058,101.00000000056752,9.99999999996362,9.99999999996362,100.0,False,10.000000000000568,386.001,9.999974093331366,0.0,10.17836725118523,0.44318000000000013,1.020421188229924,24,6ec6776e0230,52.021503,52.049004,-0.755788,-0.733924,Synchronised V abd S datasets/Categorised IOVNB Dataset/Vw (Driver E)/Vw03/S-Vw3.csv,
S-Vw4.csv,Vw4,Vw,S,Synchronised,Categorised,126526,12652.5,212.59147410757464,100.0000000003638,98.9999999999327,101.00000000056752,9.99999999996362,9.99999999996362,100.0,False,9.99999999996362,12652.5,10.0,0.0,10.142276697064007,0.45285000000000003,1.003011500106711,24,6ec6776e0230,51.94643,52.390907,-2.253461,-0.691026,Synchronised V abd S datasets/Categorised IOVNB Dataset/Vw (Driver E)/Vw04/S-Vw4.csv,
S-Vw5.csv,Vw5,Vw,S,Synchronised,Categorised,1012,101.10100000000057,0.6359499283370802,100.0000000003638,99.00000000016007,101.00000000056752,9.99999999996362,9.99999999996362,100.0,False,9.999999999999858,101.101,9.99990108901,0.0,10.125094680206635,0.4434519999999999,,24,6ec6776e0230,52.20858,52.211346,-2.189921,-2.186995,Synchronised V abd S datasets/Categorised IOVNB Dataset/Vw (Driver E)/Vw05/S-Vw5.csv,
S-Vw6.csv,Vw6,Vw,S,Synchronised,Categorised,1281,128.0,1.0549815380796366,100.0000000003638,99.00000000016007,101.00000000056752,9.99999999996362,9.99999999996362,100.0,False,9.999999999999947,128.0,10.0,0.0,10.136096671303012,0.5089000000000001,,24,6ec6776e0230,52.211113,52.21419,-2.188399,-2.1842,Synchronised V abd S datasets/Categorised IOVNB Dataset/Vw (Driver E)/Vw06/S-Vw6.csv,
S-Vw7.csv,Vw7,Vw,S,Synchronised,Categorised,1602,160.09900000000016,1.0192691305119082,100.0000000003638,99.00000000016007,101.00000000056752,9.99999999996362,9.99999999996362,100.0,False,10.000000000000036,160.099,10.000062461352039,0.0,10.160209812473589,0.4314990000000001,,24,6ec6776e0230,52.201782,52.203262,-2.201946,-2.196013,Synchronised V abd S datasets/Categorised IOVNB Dataset/Vw (Driver E)/Vw07/S-Vw7.csv,
S-Vw8.csv,Vw8,Vw,S,Synchronised,Categorised,1529,152.79999999999927,0.962479899640928,100.0000000003638,99.00000000016007,101.00000000056752,9.99999999996362,9.99999999996362,100.0,False,10.000000000000036,152.8,10.0,0.0,10.219180479862365,0.4627600000000001,,24,6ec6776e0230,52.201775,52.203125,-2.202045,-2.195737,Synchronised V abd S datasets/Categorised IOVNB Dataset/Vw (Driver E)/Vw08/S-Vw8.csv,
S-Vw9.csv,Vw9,Vw,S,Synchronised,Categorised,552,55.10100000000057,0.42117988173672416,100.0000000003638,99.00000000016007,101.00000000056752,9.99999999996362,9.99999999996362,100.0,False,9.999999999999858,55.101,9.999818515090471,0.0,10.153852022152112,0.41106800000000004,,24,6ec6776e0230,52.201527,52.202805,-2.205823,-2.2002,Synchronised V abd S datasets/Categorised IOVNB Dataset/Vw (Driver E)/Vw09/S-Vw9.csv,
V-Vw1.csv,Vw1,Vw,V,Synchronised,Categorised,20475,2047.4000000000015,0.04630204307672579,99.99999999854481,99.99999999854481,100.00000000582077,10.00000000014552,10.00000000014552,100.0,False,,,9.999999999999993,0.0,0.049572460492031255,0.2000122,,29,f7a4d7742d3e,52.554699799999995,52.5547152,-1.4630719,-1.4630337,Synchronised V abd S datasets/Categorised IOVNB Dataset/Vw (Driver E)/Vw01/V-Vw1.csv,
V-Vw10.csv,Vw10,Vw,V,Synchronised,Categorised,652,65.09999999999854,0.7311219526381676,99.99999999854481,99.99999999854481,100.00000000582077,10.00000000014552,10.00000000014552,100.0,False,,,10.000000000000224,0.0,0.09182836572882803,13.699979999999998,3.6082594568055693,29,f7a4d7742d3e,52.201835,52.2036576,-2.2017669,-2.1920334,Synchronised V abd S datasets/Categorised IOVNB Dataset/Vw (Driver E)/Vw10/V-Vw10.csv,
V-Vw11.csv,Vw11,Vw,V,Synchronised,Categorised,4909,490.8000000000029,5.829328005863828,99.99999999854481,99.99999999854481,100.00000000582077,10.00000000014552,10.00000000014552,100.0,False,,,9.999999999999941,0.0,0.049572603700370636,24.0,3.602650786682673,29,f7a4d7742d3e,52.2017944,52.2310356,-2.191803,-2.1403751,Synchronised V abd S datasets/Categorised IOVNB Dataset/Vw (Driver E)/Vw11/V-Vw11.csv,
V-Vw12.csv,Vw12,Vw,V,Synchronised,Categorised,918,91.70000000000437,2.3002978237406166,99.99999999854481,99.99999999854481,100.00000000582077,10.00000000014552,10.00000000014552,100.0,False,,,9.999999999999524,0.0,0.01937985,1.4660030600000082,3.594194535683028,29,f7a4d7742d3e,52.2332923,52.2534681,-2.1389871,-2.1335957,Synchronised V abd S datasets/Categorised IOVNB Dataset/Vw (Driver E)/Vw12/V-Vw12.csv,
V-Vw13.csv,Vw13,Vw,V,Synchronised,Categorised,284,28.30000000000291,0.7740377687676347,99.99999999854481,99.99999999854481,100.00000000582077,10.00000000014552,10.00000000014552,100.0,False,,,9.999999999998971,0.0,0.04183260688062364,1.1170019200000016,3.5873442930830244,29,f7a4d7742d3e,52.2750894,52.281896999999994,-2.1219935000000003,-2.1196186,Synchronised V abd S datasets/Categorised IOVNB Dataset/Vw (Driver E)/Vw13/V-Vw13.csv,
V-Vw14a.csv,Vw14a,Vw,V,Synchronised,Categorised,3138,313.70000000000437,7.90614635785555,99.99999999854481,99.99999999854481,100.00000000582077,10.00000000014552,10.00000000014552,100.0,False,,,9.999999999999861,0.0,0.04082541011251156,3.6000059999999996,3.594667880229804,29,f7a4d7742d3e,52.285962899999994,52.3485573,-2.1213319,-2.0744002000000004,Synchronised V abd S datasets/Categorised IOVNB Dataset/Vw (Driver E)/Vw14a/V-Vw14a.csv,
V-Vw14b.csv,Vw14b,Vw,V,Synchronised,Categorised,19588,1958.7000000000044,41.09469630131401,99.99999999854481,99.99999999854481,100.00000000582077,10.00000000014552,10.00000000014552,100.0,False,,,9.999999999999977,0.0,0.030971877018662608,2.5,3.5971352409407182,29,f7a4d7742d3e,52.347535099999995,52.5241614,-2.0742211,-1.7088806,Synchronised V abd S datasets/Categorised IOVNB Dataset/Vw (Driver E)/Vw14b/V-Vw14b.csv,
V-Vw14c.csv,Vw14c,Vw,V,Synchronised,Categorised,15826,1582.5,17.064770126312535,99.99999999854481,99.99999999854481,100.00000000582077,10.00000000014552,10.00000000014552,100.0,False,,,10.0,0.0,0.04082564396631559,14.674987499999999,3.59923819871055,29,f7a4d7742d3e,52.5247201,52.6044365,-1.7317667,-1.6089489,Synchronised V abd S datasets/Categorised IOVNB Dataset/Vw (Driver E)/Vw14c/V-Vw14c.csv,
V-Vw15.csv,Vw15,Vw,V,Synchronised,Categorised,1391,139.0,0.00913290761716521,99.99999999854481,99.99999999854481,100.00000000582077,10.00000000014552,10.00000000014552,100.0,False,,,10.0,0.0,0.021444165940116697,0.2000122,,29,f7a4d7742d3e,52.5962761,52.5963124,-1.6089551,-1.6088928,Synchronised V abd S datasets/Categorised IOVNB Dataset/Vw (Driver E)/Vw15/V-Vw15.csv,
V-Vw16a.csv,Vw16a,Vw,V,Synchronised,Categorised,5879,587.7999999999956,8.463384629591118,99.99999999854481,99.99999999854481,100.00000000582077,10.00000000014552,10.00000000014552,100.0,False,,,10.000000000000075,0.0,0.04082564396631559,13.921992200000027,3.60417687596099,29,f7a4d7742d3e,52.5633547,52.5962764,-1.6089375,-1.499184,Synchronised V abd S datasets/Categorised IOVNB Dataset/Vw (Driver E)/Vw16a/V-Vw16a.csv,
V-Vw16b.csv,Vw16b,Vw,V,Synchronised,Categorised,1126,112.5,1.8841679109246654,99.99999999854481,99.99999999854481,100.00000000582077,10.00000000014552,10.00000000014552,100.0,False,,,10.0,0.0,0.053605795313687865,19.800005,3.6044853417205585,29,f7a4d7742d3e,52.5556237,52.5629684,-1.4978804,-1.4727990999999998,Synchronised V abd S datasets/Categorised IOVNB Dataset/Vw (Driver E)/Vw16b/V-Vw16b.csv,
V-Vw17.csv,Vw17,Vw,V,Synchronised,Categorised,329,32.80000000000291,0.5362201352992618,99.99999999854481,99.99999999854481,100.00000000582077,10.00000000014552,10.00000000014552,100.0,False,,,9.999999999999112,0.0,0.1091398999999999,5.372000719999997,3.616524333925227,29,f7a4d7742d3e,52.5531489,52.5552759,-1.4716621,-1.4645459,Synchronised V abd S datasets/Categorised IOVNB Dataset/Vw (Driver E)/Vw17/V-Vw17.csv,
V-Vw2.csv,Vw2,Vw,V,Synchronised,Categorised,52712,5271.0999999999985,98.43075576576572,99.99999999854481,99.99999999854481,100.00000000582077,10.00000000014552,10.00000000014552,100.0,False,,,10.000000000000004,0.0,0.03536328725156783,20.089008899999943,3.599343116780763,29,f7a4d7742d3e,52.0253006,52.5551885,-1.4642955,-0.6026129,Synchronised V abd S datasets/Categorised IOVNB Dataset/Vw (Driver E)/Vw02/V-Vw2.csv,
V-Vw3.csv,Vw3,Vw,V,Synchronised,Categorised,3861,386.0,4.937687651792363,99.99999999854481,99.99999999854481,100.00000000582077,10.00000000014552,10.00000000014552,100.0,False,,,10.0,0.0,0.04997993,25.0,3.6028895089148194,29,f7a4d7742d3e,52.0215213,52.04897570000001,-0.7557498,-0.7339073,Synchronised V abd S datasets/Categorised IOVNB Dataset/Vw (Driver E)/Vw03/V-Vw3.csv,
V-Vw4.csv,Vw4,Vw,V,Synchronised,Categorised,126527,12652.600000000006,214.18511060483277,99.99999999854481,99.99999999854481,100.00000000582077,10.00000000014552,10.00000000014552,100.0,False,,,9.999999999999995,0.0,0.04424982968134115,24.60001,3.5970568653133306,29,f7a4d7742d3e,51.9462826,52.3909102,-2.2535474,-0.6908510999999999,Synchronised V abd S datasets/Categorised IOVNB Dataset/Vw (Driver E)/Vw04/V-Vw4.csv,
V-Vw5.csv,Vw5,Vw,V,Synchronised,Categorised,1012,101.09999999999854,0.6638055472288263,99.99999999854481,99.99999999854481,100.00000000582077,10.00000000014552,10.00000000014552,100.0,False,,,10.000000000000144,0.0,0.09995985,37.9889989,3.614838514288594,29,f7a4d7742d3e,52.2085728,52.2113438,-2.1899472,-2.1869161,Synchronised V abd S datasets/Categorised IOVNB Dataset/Vw (Driver E)/Vw05/V-Vw5.csv,
V-Vw6.csv,Vw6,Vw,V,Synchronised,Categorised,1281,128.0,1.0771286867848282,99.99999999854481,99.99999999854481,100.00000000582077,10.00000000014552,10.00000000014552,100.0,False,,,10.0,0.0,0.06614282816462039,33.91999200000001,3.6109733044215973,29,f7a4d7742d3e,52.2110328,52.2141893,-2.1884019999999995,-2.1841731999999996,Synchronised V abd S datasets/Categorised IOVNB Dataset/Vw (Driver E)/Vw06/V-Vw6.csv,
V-Vw7.csv,Vw7,Vw,V,Synchronised,Categorised,1602,160.09999999999854,1.15603999337444,99.99999999854481,99.99999999854481,100.00000000582077,10.00000000014552,10.00000000014552,100.0,False,,,10.00000000000009,0.0,0.1193398999999999,46.8989903,3.6161881485658096,29,f7a4d7742d3e,52.2017813,52.203283000000006,-2.2020549,-2.195652,Synchronised V abd S datasets/Categorised IOVNB Dataset/Vw (Driver E)/Vw07/V-Vw7.csv,
V-Vw8.csv,Vw8,Vw,V,Synchronised,Categorised,1529,152.8000000000029,1.0580060547836527,99.99999999854481,99.99999999854481,100.00000000582077,10.00000000014552,10.00000000014552,100.0,False,,,9.99999999999981,0.0,0.09022828732304332,33.871990000000004,3.6159463795733298,29,f7a4d7742d3e,52.201789100000006,52.2032518,-2.202046,-2.1956592,Synchronised V abd S datasets/Categorised IOVNB Dataset/Vw (Driver E)/Vw08/V-Vw8.csv,
V-Vw9.csv,Vw9,Vw,V,Synchronised,Categorised,553,55.19999999999709,0.41980558743188884,99.99999999854481,99.99999999854481,100.00000000582077,10.00000000014552,10.00000000014552,100.0,False,,,10.000000000000528,0.0,0.1628489757438296,32.171995200000026,3.612046371408437,29,f7a4d7742d3e,52.2015475,52.2028035,-2.2057739,-2.2002006000000005,Synchronised V abd S datasets/Categorised IOVNB Dataset/Vw (Driver E)/Vw09/V-Vw9.csv,
S-Y1.csv,Y1,Y,S,Synchronised,Categorised,70285,6690.795,58.194517236507906,99.9999999999659,98.9999999999327,101.00000000011278,10.00000000000341,10.00000000000341,100.0,False,10.000000000009095,7391.318,9.50899420103424,2.8455573735505442e-05,9.891217490784438,0.4035,1.0143359492716304,24,6ec6776e0230,52.394756,52.470875,-1.545744,-1.47026,Synchronised V abd S datasets/Categorised IOVNB Dataset/Y (Driver D)/Y1/S-Y1.csv,
V-Y1.csv,Y1,Y,V,Synchronised,Categorised,70285,7666.799999999996,60.73718822096806,99.99999999854481,99.99999999126885,100.00000000582077,10.00000000014552,10.00000000014552,100.0,False,,,9.167318829237757,0.0,0.0580773355278916,32.60001,3.6238193010305197,29,f7a4d7742d3e,52.3947335,52.4708991,-1.5457938,-1.4701938,Synchronised V abd S datasets/Categorised IOVNB Dataset/Y (Driver D)/Y1/V-Y1.csv,
V-Y2.csv,Y2,Y,V,Unsynchronised,Categorised,57213,5721.199999999997,46.95737211718049,99.99999999854481,99.99999999854481,100.00000000582077,10.00000000014552,10.00000000014552,100.0,False,,,10.000000000000005,0.0,0.04997993,24.60001,3.6227713811343265,29,f7a4d7742d3e,52.3376429,52.411981399999995,-1.581401,-1.4964588000000003,Unsynchronised V and S Dataset/Categorised IOVNB (V) Dataset/V Dataset/Y (Driver D)/Y2/V-Y2.csv,
